run_id,workflow,created_at,event,conclusion,run_attempt,tag
31704607356,release.yml,2026-08-13T13:22:44Z,push,success,1,v0.8.0
31836236236,release.yml,2026-08-14T20:05:06Z,push,success,1,v0.8.6
31837178829,release.yml,2026-08-14T20:16:52Z,push,success,1,v0.8.7
32744565452,release.yml,2026-08-24T15:23:34Z,push,success,1,v0.9.0
32891972606,release.yml,2026-08-25T19:51:39Z,push,success,1,v0.9.2
33066328451,release.yml,2026-08-27T11:12:04Z,push,success,1,v0.9.5
33177628440,release.yml,2026-08-28T13:55:15Z,push,success,1,v0.9.7
33204681531,release.yml,2026-08-28T19:37:25Z,push,success,1,v0.9.8
33250035090,release.yml,2026-08-29T11:23:47Z,push,success,1,v0.9.9
33274917218,release.yml,2026-08-29T21:00:17Z,push,success,1,v0.10.0
33313303327,release.yml,2026-08-30T13:07:10Z,push,success,1,v1.0.0
33385955977,release.yml,2026-08-31T11:13:21Z,push,success,1,v1.0.2
33412720116,release.yml,2026-08-31T16:11:29Z,push,success,1,v1.0.3
33513967356,release.yml,2026-09-01T13:32:08Z,push,success,1,v10.4
33608373619,release.yml,2026-09-02T08:22:37Z,push,success,1,v1.0.6
33757315649,release.yml,2026-09-03T12:48:13Z,push,success,1,v1.0.7
33859477603,release.yml,2026-09-04T09:40:11Z,push,success,1,v1.1.0
33882242497,release.yml,2026-09-04T14:10:55Z,push,success,1,v1.1.1
34585326197,release.yml,2026-09-11T09:39:40Z,push,success,1,v1.3.0
34606074159,release.yml,2026-09-11T13:44:49Z,push,success,1,v1.4.0
34648292499,release.yml,2026-09-11T21:13:30Z,push,success,1,v1.4.1
34652027889,release.yml,2026-09-11T22:00:22Z,push,success,1,v1.5.0
34652028215,verify-release.yml,2026-09-11T22:00:22Z,release,failure,1,v1.5.0
34652027674,verify-release.yml,2026-09-11T22:00:22Z,release,failure,1,v1.5.0
34652031608,verify-release.yml,2026-09-11T22:00:25Z,release,success,2,v1.5.0
34652911134,release.yml,2026-09-11T22:11:50Z,push,success,1,v1.5.1
34652910973,verify-release.yml,2026-09-11T22:11:50Z,release,failure,1,v1.5.1
34652910880,verify-release.yml,2026-09-11T22:11:50Z,release,failure,1,v1.5.1
34652913941,verify-release.yml,2026-09-11T22:11:52Z,release,failure,1,v1.5.1
34653860309,release.yml,2026-09-11T22:24:28Z,push,success,1,v1.5.2
34678601877,verify-release.yml,2026-09-12T06:37:11Z,schedule,success,1,v1.5.2
34743384535,verify-release.yml,2026-09-13T06:41:54Z,schedule,success,1,v1.5.2
34751594079,release.yml,2026-09-13T10:20:28Z,push,success,1,v1.5.5
34815295573,verify-release.yml,2026-09-14T06:52:39Z,schedule,success,1,v1.5.5
34938191969,verify-release.yml,2026-09-15T06:43:04Z,schedule,success,1,v1.5.5
34955584734,release.yml,2026-09-15T10:00:25Z,push,success,1,v1.6.0
35006809066,release.yml,2026-09-15T18:20:00Z,push,success,1,v1.6.2
35065005555,verify-release.yml,2026-09-16T06:43:14Z,schedule,success,1,v1.6.2
35144254266,release.yml,2026-09-16T20:03:35Z,push,success,1,v1.6.5
35191090439,verify-release.yml,2026-09-17T06:43:21Z,schedule,success,1,v1.6.5
35192829080,release.yml,2026-09-17T07:05:27Z,push,success,1,v1.6.8
35204332312,release.yml,2026-09-17T09:17:46Z,push,success,1,v1.6.9
35240576135,release.yml,2026-09-17T15:29:28Z,push,success,1,v1.7.0
35316008097,verify-release.yml,2026-09-18T06:41:54Z,schedule,success,1,v1.7.0
35362280419,release.yml,2026-09-18T15:25:02Z,push,success,1,v1.7.2
35427141100,verify-release.yml,2026-09-19T06:38:12Z,schedule,success,1,v1.7.2
35494761133,verify-release.yml,2026-09-20T06:38:39Z,schedule,success,1,v1.7.2
35570420586,verify-release.yml,2026-09-21T06:53:40Z,schedule,success,1,v1.7.2
35696066103,verify-release.yml,2026-09-22T06:42:35Z,schedule,success,1,v1.7.2
35828064476,verify-release.yml,2026-09-23T06:43:03Z,schedule,success,1,v1.7.2
35965875903,verify-release.yml,2026-09-24T06:43:24Z,schedule,success,1,v1.7.2
36104206768,verify-release.yml,2026-09-25T06:44:03Z,schedule,success,1,v1.7.2
36149813337,release.yml,2026-09-25T14:47:13Z,push,success,1,v1.8.0
36224435890,verify-release.yml,2026-09-26T06:39:58Z,schedule,success,1,v1.8.0
36300853136,verify-release.yml,2026-09-27T06:41:46Z,schedule,success,1,v1.8.0
36302925187,release.yml,2026-09-27T07:22:58Z,push,failure,1,v1.8.2
36306232540,release.yml,2026-09-27T08:27:05Z,push,failure,1,v1.8.3
36307131356,release.yml,2026-09-27T08:44:08Z,push,success,1,v1.8.4
36383863393,release.yml,2026-09-28T05:53:28Z,push,success,1,v1.8.5
36389145168,verify-release.yml,2026-09-28T06:58:27Z,schedule,success,1,v1.8.5
36532796339,verify-release.yml,2026-09-29T06:45:56Z,schedule,success,1,v1.8.5
36622127823,release.yml,2026-09-29T19:50:54Z,push,success,1,v1.8.6
36679986362,verify-release.yml,2026-09-30T06:46:20Z,schedule,success,1,v1.8.6
36759947614,release.yml,2026-09-30T18:37:50Z,push,success,1,v1.8.7
36826647402,verify-release.yml,2026-10-01T06:47:14Z,schedule,success,1,v1.8.7
36835957071,release.yml,2026-10-01T08:23:10Z,push,success,1,v1.8.8
36975133165,verify-release.yml,2026-10-02T06:45:54Z,schedule,success,1,v1.8.8
37002907968,release.yml,2026-10-02T11:47:02Z,push,success,1,v1.9.0
37104318496,verify-release.yml,2026-10-03T06:49:40Z,schedule,success,1,v1.9.0
37111906712,release.yml,2026-10-03T09:06:05Z,push,success,1,v1.9.1
37188713933,verify-release.yml,2026-10-04T08:22:33Z,schedule,success,1,v1.9.1
37275631601,verify-release.yml,2026-10-05T07:03:45Z,schedule,success,1,v1.9.1
37366994658,release.yml,2026-10-05T20:00:03Z,push,success,1,v1.9.3
37425677560,verify-release.yml,2026-10-06T06:46:47Z,schedule,success,1,v1.9.3
37512971332,release.yml,2026-10-06T18:39:21Z,push,success,1,v1.9.5
37583324857,verify-release.yml,2026-10-07T06:45:52Z,schedule,success,1,v1.9.5
37739639587,verify-release.yml,2026-10-08T06:48:09Z,schedule,success,1,v1.9.5
