snapshot_utc,tag,published_at,asset,download_count
2026-10-07T17:52:24Z,v1.9.5,2026-10-06T18:39:19Z,labview-mcp-v1.9.5.zip,7
2026-10-07T17:52:24Z,v1.9.5,2026-10-06T18:39:19Z,labview-mcp.manifest.sha256,2
2026-10-07T17:52:24Z,v1.9.5,2026-10-06T18:39:19Z,labview-mcp.sha256,5
2026-10-07T17:52:24Z,v1.9.5,2026-10-06T18:39:19Z,labview-mcp.zip,14
2026-10-07T17:52:24Z,v1.9.3,2026-10-05T20:00:00Z,labview-mcp-v1.9.3.zip,6
2026-10-07T17:52:24Z,v1.9.3,2026-10-05T20:00:00Z,labview-mcp.manifest.sha256,2
2026-10-07T17:52:24Z,v1.9.3,2026-10-05T20:00:00Z,labview-mcp.sha256,5
2026-10-07T17:52:24Z,v1.9.3,2026-10-05T20:00:00Z,labview-mcp.zip,24
2026-10-07T17:52:24Z,v1.9.1,2026-10-03T09:06:03Z,labview-mcp-v1.9.1.zip,8
2026-10-07T17:52:24Z,v1.9.1,2026-10-03T09:06:03Z,labview-mcp.manifest.sha256,3
2026-10-07T17:52:24Z,v1.9.1,2026-10-03T09:06:03Z,labview-mcp.sha256,12
2026-10-07T17:52:24Z,v1.9.1,2026-10-03T09:06:03Z,labview-mcp.zip,37
2026-10-07T17:52:24Z,v1.9.0,2026-10-02T11:47:00Z,labview-mcp-v1.9.0.zip,3
2026-10-07T17:52:24Z,v1.9.0,2026-10-02T11:47:00Z,labview-mcp.manifest.sha256,2
2026-10-07T17:52:24Z,v1.9.0,2026-10-02T11:47:00Z,labview-mcp.sha256,3
2026-10-07T17:52:24Z,v1.9.0,2026-10-02T11:47:00Z,labview-mcp.zip,12
2026-10-07T17:52:24Z,v1.8.8,2026-10-01T08:23:08Z,labview-mcp-v1.8.8.zip,15
2026-10-07T17:52:24Z,v1.8.8,2026-10-01T08:23:08Z,labview-mcp.manifest.sha256,5
2026-10-07T17:52:24Z,v1.8.8,2026-10-01T08:23:08Z,labview-mcp.sha256,7
2026-10-07T17:52:24Z,v1.8.8,2026-10-01T08:23:08Z,labview-mcp.zip,37
2026-10-07T17:52:24Z,v1.8.7,2026-09-30T18:37:48Z,labview-mcp-v1.8.7.zip,3
2026-10-07T17:52:24Z,v1.8.7,2026-09-30T18:37:48Z,labview-mcp.manifest.sha256,2
2026-10-07T17:52:24Z,v1.8.7,2026-09-30T18:37:48Z,labview-mcp.sha256,3
2026-10-07T17:52:24Z,v1.8.7,2026-09-30T18:37:48Z,labview-mcp.zip,8
2026-10-07T17:52:24Z,v1.8.6,2026-09-29T19:50:52Z,labview-mcp-v1.8.6.zip,12
2026-10-07T17:52:24Z,v1.8.6,2026-09-29T19:50:52Z,labview-mcp.manifest.sha256,4
2026-10-07T17:52:24Z,v1.8.6,2026-09-29T19:50:52Z,labview-mcp.sha256,7
2026-10-07T17:52:24Z,v1.8.6,2026-09-29T19:50:52Z,labview-mcp.zip,32
2026-10-07T17:52:24Z,v1.8.5,2026-09-28T05:53:26Z,labview-mcp-v1.8.5.zip,16
2026-10-07T17:52:24Z,v1.8.5,2026-09-28T05:53:26Z,labview-mcp.manifest.sha256,5
2026-10-07T17:52:24Z,v1.8.5,2026-09-28T05:53:26Z,labview-mcp.sha256,13
2026-10-07T17:52:24Z,v1.8.5,2026-09-28T05:53:26Z,labview-mcp.zip,46
2026-10-07T17:52:24Z,v1.8.4,2026-09-27T08:44:07Z,labview-mcp-v1.8.4.zip,6
2026-10-07T17:52:24Z,v1.8.4,2026-09-27T08:44:07Z,labview-mcp.manifest.sha256,1
2026-10-07T17:52:24Z,v1.8.4,2026-09-27T08:44:07Z,labview-mcp.sha256,2
2026-10-07T17:52:24Z,v1.8.4,2026-09-27T08:44:07Z,labview-mcp.zip,8
2026-10-07T17:52:24Z,v1.8.0,2026-09-25T14:47:11Z,labview-mcp-v1.8.0.zip,2
2026-10-07T17:52:24Z,v1.8.0,2026-09-25T14:47:11Z,labview-mcp.manifest.sha256,3
2026-10-07T17:52:24Z,v1.8.0,2026-09-25T14:47:11Z,labview-mcp.sha256,3
2026-10-07T17:52:24Z,v1.8.0,2026-09-25T14:47:11Z,labview-mcp.zip,17
2026-10-07T17:52:24Z,v1.7.2,2026-09-18T15:25:00Z,labview-mcp-v1.7.2.zip,39
2026-10-07T17:52:24Z,v1.7.2,2026-09-18T15:25:00Z,labview-mcp.manifest.sha256,10
2026-10-07T17:52:24Z,v1.7.2,2026-09-18T15:25:00Z,labview-mcp.sha256,23
2026-10-07T17:52:24Z,v1.7.2,2026-09-18T15:25:00Z,labview-mcp.zip,81
2026-10-07T17:52:24Z,v1.7.0,2026-09-17T15:29:26Z,labview-mcp-v1.7.0.zip,5
2026-10-07T17:52:24Z,v1.7.0,2026-09-17T15:29:26Z,labview-mcp.manifest.sha256,3
2026-10-07T17:52:24Z,v1.7.0,2026-09-17T15:29:26Z,labview-mcp.sha256,6
2026-10-07T17:52:24Z,v1.7.0,2026-09-17T15:29:26Z,labview-mcp.zip,10
2026-10-07T17:52:24Z,v1.6.9,2026-09-17T09:17:44Z,labview-mcp-v1.6.9.zip,3
2026-10-07T17:52:24Z,v1.6.9,2026-09-17T09:17:44Z,labview-mcp.manifest.sha256,1
2026-10-07T17:52:24Z,v1.6.9,2026-09-17T09:17:44Z,labview-mcp.sha256,1
2026-10-07T17:52:24Z,v1.6.9,2026-09-17T09:17:44Z,labview-mcp.zip,2
2026-10-07T17:52:24Z,v1.6.8,2026-09-17T07:05:25Z,labview-mcp-v1.6.8.zip,1
2026-10-07T17:52:24Z,v1.6.8,2026-09-17T07:05:25Z,labview-mcp.manifest.sha256,3
2026-10-07T17:52:24Z,v1.6.8,2026-09-17T07:05:25Z,labview-mcp.sha256,5
2026-10-07T17:52:24Z,v1.6.8,2026-09-17T07:05:25Z,labview-mcp.zip,5
2026-10-07T17:52:24Z,v1.6.5,2026-09-16T20:03:33Z,labview-mcp-v1.6.5.zip,4
2026-10-07T17:52:24Z,v1.6.5,2026-09-16T20:03:33Z,labview-mcp.manifest.sha256,2
2026-10-07T17:52:24Z,v1.6.5,2026-09-16T20:03:33Z,labview-mcp.sha256,5
2026-10-07T17:52:24Z,v1.6.5,2026-09-16T20:03:33Z,labview-mcp.zip,6
2026-10-07T17:52:24Z,v1.6.2,2026-09-15T18:19:58Z,labview-mcp-v1.6.2.zip,9
2026-10-07T17:52:24Z,v1.6.2,2026-09-15T18:19:58Z,labview-mcp.manifest.sha256,5
2026-10-07T17:52:24Z,v1.6.2,2026-09-15T18:19:58Z,labview-mcp.sha256,9
2026-10-07T17:52:24Z,v1.6.2,2026-09-15T18:19:58Z,labview-mcp.zip,24
2026-10-07T17:52:24Z,v1.6.0,2026-09-15T10:00:23Z,labview-mcp-v1.6.0.zip,3
2026-10-07T17:52:24Z,v1.6.0,2026-09-15T10:00:23Z,labview-mcp.manifest.sha256,2
2026-10-07T17:52:24Z,v1.6.0,2026-09-15T10:00:23Z,labview-mcp.sha256,3
2026-10-07T17:52:24Z,v1.6.0,2026-09-15T10:00:23Z,labview-mcp.zip,5
2026-10-07T17:52:24Z,v1.5.5,2026-09-13T10:20:27Z,labview-mcp-v1.5.5.zip,5
2026-10-07T17:52:24Z,v1.5.5,2026-09-13T10:20:27Z,labview-mcp.manifest.sha256,5
2026-10-07T17:52:24Z,v1.5.5,2026-09-13T10:20:27Z,labview-mcp.sha256,8
2026-10-07T17:52:24Z,v1.5.5,2026-09-13T10:20:27Z,labview-mcp.zip,27
2026-10-07T17:52:24Z,v1.5.5,2026-09-13T10:20:27Z,labview-mcp_manual_install.zip,4
2026-10-07T17:52:24Z,v1.5.2,2026-09-11T22:24:26Z,labview-mcp-v1.5.2.zip,2
2026-10-07T17:52:24Z,v1.5.2,2026-09-11T22:24:26Z,labview-mcp.manifest.sha256,4
2026-10-07T17:52:24Z,v1.5.2,2026-09-11T22:24:26Z,labview-mcp.sha256,4
2026-10-07T17:52:24Z,v1.5.2,2026-09-11T22:24:26Z,labview-mcp.zip,9
2026-10-07T17:52:24Z,v1.5.1,2026-09-11T22:11:48Z,labview-mcp-v1.5.1.zip,1
2026-10-07T17:52:24Z,v1.5.1,2026-09-11T22:11:48Z,labview-mcp.manifest.sha256,1
2026-10-07T17:52:24Z,v1.5.1,2026-09-11T22:11:48Z,labview-mcp.sha256,1
2026-10-07T17:52:24Z,v1.5.1,2026-09-11T22:11:48Z,labview-mcp.zip,1
2026-10-07T17:52:24Z,v1.5.0,2026-09-11T22:00:20Z,labview-mcp-v1.5.0.zip,1
2026-10-07T17:52:24Z,v1.5.0,2026-09-11T22:00:20Z,labview-mcp.manifest.sha256,3
2026-10-07T17:52:24Z,v1.5.0,2026-09-11T22:00:20Z,labview-mcp.sha256,3
2026-10-07T17:52:24Z,v1.5.0,2026-09-11T22:00:20Z,labview-mcp.zip,3
2026-10-07T17:52:24Z,v1.4.1,2026-09-11T21:13:28Z,labview-mcp-v1.4.1.zip,1
2026-10-07T17:52:24Z,v1.4.1,2026-09-11T21:13:28Z,labview-mcp.manifest.sha256,3
2026-10-07T17:52:24Z,v1.4.1,2026-09-11T21:13:28Z,labview-mcp.sha256,2
2026-10-07T17:52:24Z,v1.4.1,2026-09-11T21:13:28Z,labview-mcp.zip,3
2026-10-07T17:52:24Z,v1.4.0,2026-09-11T13:48:38Z,labview-mcp-v1.4.0.zip,6
2026-10-07T17:52:24Z,v1.4.0,2026-09-11T13:48:38Z,labview-mcp.manifest.sha256,1
2026-10-07T17:52:24Z,v1.4.0,2026-09-11T13:48:38Z,labview-mcp.sha256,3
2026-10-07T17:52:24Z,v1.4.0,2026-09-11T13:48:38Z,labview-mcp.zip,4
2026-10-07T17:52:24Z,v1.3.0,2026-09-11T09:39:39Z,labview-mcp.zip,10
2026-10-07T17:52:24Z,V1.2.8,2026-09-11T08:03:47Z,labview-mcp.zip,2
2026-10-07T17:52:24Z,V1.2.5,2026-09-10T13:11:53Z,labview-mcp.zip,12
2026-10-07T17:52:24Z,V1.2.2,2026-09-10T06:12:50Z,labview-mcp.zip,3
2026-10-07T17:52:24Z,V1.2.0,2026-09-08T15:06:45Z,labview-mcp.zip,34
2026-10-07T17:52:24Z,V1.1.5,2026-09-07T11:02:20Z,labview-mcp.zip,16
2026-10-07T17:52:24Z,v1.1.1,2026-09-04T14:10:53Z,labview-mcp.zip,28
2026-10-07T17:52:24Z,v1.1.0,2026-09-04T09:40:08Z,labview-mcp.zip,4
2026-10-07T17:52:24Z,v1.0.7,2026-09-03T12:48:12Z,labview-mcp.zip,4
2026-10-07T17:52:24Z,v1.0.6,2026-09-02T08:22:35Z,labview-mcp.zip,10
2026-10-07T17:52:24Z,v1.0.3,2026-08-31T16:11:27Z,labview-mcp.zip,9
2026-10-07T17:52:24Z,v1.0.2,2026-08-31T11:13:20Z,labview-mcp.zip,2
2026-10-07T17:52:24Z,v1.0.0,2026-08-30T13:07:08Z,labview-mcp.zip,3
2026-10-07T17:52:24Z,v0.10.0,2026-08-29T21:00:15Z,labview-mcp.zip,2
2026-10-07T17:52:24Z,v0.9.9,2026-08-29T11:23:45Z,labview-mcp.zip,1
2026-10-07T17:52:24Z,v0.9.8,2026-08-28T19:37:23Z,labview-mcp.zip,3
2026-10-07T17:52:24Z,v0.9.7,2026-08-28T13:55:13Z,labview-mcp.zip,0
2026-10-07T17:52:24Z,v0.9.5,2026-08-27T11:12:02Z,labview-mcp.zip,3
2026-10-07T17:52:24Z,v0.9.2,2026-08-25T19:51:38Z,labview-mcp.zip,8
2026-10-07T17:52:24Z,v0.9.0,2026-08-24T15:23:32Z,labview-mcp.zip,5
2026-10-07T17:52:24Z,v0.8.7,2026-08-14T20:16:50Z,labview-mcp.zip,42
2026-10-07T17:52:24Z,v0.8.6,2026-08-14T20:08:18Z,labview-mcp.zip,1
2026-10-07T17:52:24Z,V0.8.5,2026-08-14T10:17:28Z,LabVIEWMCP_V0.8.5.zip,4
2026-10-07T17:52:24Z,v0.8.0,2026-08-13T13:25:09Z,labview-mcp.zip,6
2026-10-07T17:52:24Z,V0.7.8,2026-08-13T08:31:04Z,LabVIEWMCP_V0.7.8.zip,0
2026-10-07T17:52:24Z,V0.7.0,2026-08-13T06:10:44Z,LabVIEWMCP_V0.7.0.zip,0
2026-10-07T18:01:57Z,v1.9.5,2026-10-06T18:39:19Z,labview-mcp-v1.9.5.zip,7
2026-10-07T18:01:57Z,v1.9.5,2026-10-06T18:39:19Z,labview-mcp.manifest.sha256,2
2026-10-07T18:01:57Z,v1.9.5,2026-10-06T18:39:19Z,labview-mcp.sha256,5
2026-10-07T18:01:57Z,v1.9.5,2026-10-06T18:39:19Z,labview-mcp.zip,14
2026-10-07T18:01:57Z,v1.9.3,2026-10-05T20:00:00Z,labview-mcp-v1.9.3.zip,6
2026-10-07T18:01:57Z,v1.9.3,2026-10-05T20:00:00Z,labview-mcp.manifest.sha256,2
2026-10-07T18:01:57Z,v1.9.3,2026-10-05T20:00:00Z,labview-mcp.sha256,5
2026-10-07T18:01:57Z,v1.9.3,2026-10-05T20:00:00Z,labview-mcp.zip,24
2026-10-07T18:01:57Z,v1.9.1,2026-10-03T09:06:03Z,labview-mcp-v1.9.1.zip,8
2026-10-07T18:01:57Z,v1.9.1,2026-10-03T09:06:03Z,labview-mcp.manifest.sha256,3
2026-10-07T18:01:57Z,v1.9.1,2026-10-03T09:06:03Z,labview-mcp.sha256,12
2026-10-07T18:01:57Z,v1.9.1,2026-10-03T09:06:03Z,labview-mcp.zip,37
2026-10-07T18:01:57Z,v1.9.0,2026-10-02T11:47:00Z,labview-mcp-v1.9.0.zip,3
2026-10-07T18:01:57Z,v1.9.0,2026-10-02T11:47:00Z,labview-mcp.manifest.sha256,2
2026-10-07T18:01:57Z,v1.9.0,2026-10-02T11:47:00Z,labview-mcp.sha256,3
2026-10-07T18:01:57Z,v1.9.0,2026-10-02T11:47:00Z,labview-mcp.zip,12
2026-10-07T18:01:57Z,v1.8.8,2026-10-01T08:23:08Z,labview-mcp-v1.8.8.zip,15
2026-10-07T18:01:57Z,v1.8.8,2026-10-01T08:23:08Z,labview-mcp.manifest.sha256,5
2026-10-07T18:01:57Z,v1.8.8,2026-10-01T08:23:08Z,labview-mcp.sha256,7
2026-10-07T18:01:57Z,v1.8.8,2026-10-01T08:23:08Z,labview-mcp.zip,37
2026-10-07T18:01:57Z,v1.8.7,2026-09-30T18:37:48Z,labview-mcp-v1.8.7.zip,3
2026-10-07T18:01:57Z,v1.8.7,2026-09-30T18:37:48Z,labview-mcp.manifest.sha256,2
2026-10-07T18:01:57Z,v1.8.7,2026-09-30T18:37:48Z,labview-mcp.sha256,3
2026-10-07T18:01:57Z,v1.8.7,2026-09-30T18:37:48Z,labview-mcp.zip,8
2026-10-07T18:01:57Z,v1.8.6,2026-09-29T19:50:52Z,labview-mcp-v1.8.6.zip,12
2026-10-07T18:01:57Z,v1.8.6,2026-09-29T19:50:52Z,labview-mcp.manifest.sha256,4
2026-10-07T18:01:57Z,v1.8.6,2026-09-29T19:50:52Z,labview-mcp.sha256,7
2026-10-07T18:01:57Z,v1.8.6,2026-09-29T19:50:52Z,labview-mcp.zip,32
2026-10-07T18:01:57Z,v1.8.5,2026-09-28T05:53:26Z,labview-mcp-v1.8.5.zip,16
2026-10-07T18:01:57Z,v1.8.5,2026-09-28T05:53:26Z,labview-mcp.manifest.sha256,5
2026-10-07T18:01:57Z,v1.8.5,2026-09-28T05:53:26Z,labview-mcp.sha256,13
2026-10-07T18:01:57Z,v1.8.5,2026-09-28T05:53:26Z,labview-mcp.zip,46
2026-10-07T18:01:57Z,v1.8.4,2026-09-27T08:44:07Z,labview-mcp-v1.8.4.zip,6
2026-10-07T18:01:57Z,v1.8.4,2026-09-27T08:44:07Z,labview-mcp.manifest.sha256,1
2026-10-07T18:01:57Z,v1.8.4,2026-09-27T08:44:07Z,labview-mcp.sha256,2
2026-10-07T18:01:57Z,v1.8.4,2026-09-27T08:44:07Z,labview-mcp.zip,8
2026-10-07T18:01:57Z,v1.8.0,2026-09-25T14:47:11Z,labview-mcp-v1.8.0.zip,2
2026-10-07T18:01:57Z,v1.8.0,2026-09-25T14:47:11Z,labview-mcp.manifest.sha256,3
2026-10-07T18:01:57Z,v1.8.0,2026-09-25T14:47:11Z,labview-mcp.sha256,3
2026-10-07T18:01:57Z,v1.8.0,2026-09-25T14:47:11Z,labview-mcp.zip,17
2026-10-07T18:01:57Z,v1.7.2,2026-09-18T15:25:00Z,labview-mcp-v1.7.2.zip,39
2026-10-07T18:01:57Z,v1.7.2,2026-09-18T15:25:00Z,labview-mcp.manifest.sha256,10
2026-10-07T18:01:57Z,v1.7.2,2026-09-18T15:25:00Z,labview-mcp.sha256,23
2026-10-07T18:01:57Z,v1.7.2,2026-09-18T15:25:00Z,labview-mcp.zip,81
2026-10-07T18:01:57Z,v1.7.0,2026-09-17T15:29:26Z,labview-mcp-v1.7.0.zip,5
2026-10-07T18:01:57Z,v1.7.0,2026-09-17T15:29:26Z,labview-mcp.manifest.sha256,3
2026-10-07T18:01:57Z,v1.7.0,2026-09-17T15:29:26Z,labview-mcp.sha256,6
2026-10-07T18:01:57Z,v1.7.0,2026-09-17T15:29:26Z,labview-mcp.zip,10
2026-10-07T18:01:57Z,v1.6.9,2026-09-17T09:17:44Z,labview-mcp-v1.6.9.zip,3
2026-10-07T18:01:57Z,v1.6.9,2026-09-17T09:17:44Z,labview-mcp.manifest.sha256,1
2026-10-07T18:01:57Z,v1.6.9,2026-09-17T09:17:44Z,labview-mcp.sha256,1
2026-10-07T18:01:57Z,v1.6.9,2026-09-17T09:17:44Z,labview-mcp.zip,2
2026-10-07T18:01:57Z,v1.6.8,2026-09-17T07:05:25Z,labview-mcp-v1.6.8.zip,1
2026-10-07T18:01:57Z,v1.6.8,2026-09-17T07:05:25Z,labview-mcp.manifest.sha256,3
2026-10-07T18:01:57Z,v1.6.8,2026-09-17T07:05:25Z,labview-mcp.sha256,5
2026-10-07T18:01:57Z,v1.6.8,2026-09-17T07:05:25Z,labview-mcp.zip,5
2026-10-07T18:01:57Z,v1.6.5,2026-09-16T20:03:33Z,labview-mcp-v1.6.5.zip,4
2026-10-07T18:01:57Z,v1.6.5,2026-09-16T20:03:33Z,labview-mcp.manifest.sha256,2
2026-10-07T18:01:57Z,v1.6.5,2026-09-16T20:03:33Z,labview-mcp.sha256,5
2026-10-07T18:01:57Z,v1.6.5,2026-09-16T20:03:33Z,labview-mcp.zip,6
2026-10-07T18:01:57Z,v1.6.2,2026-09-15T18:19:58Z,labview-mcp-v1.6.2.zip,9
2026-10-07T18:01:57Z,v1.6.2,2026-09-15T18:19:58Z,labview-mcp.manifest.sha256,5
2026-10-07T18:01:57Z,v1.6.2,2026-09-15T18:19:58Z,labview-mcp.sha256,9
2026-10-07T18:01:57Z,v1.6.2,2026-09-15T18:19:58Z,labview-mcp.zip,24
2026-10-07T18:01:57Z,v1.6.0,2026-09-15T10:00:23Z,labview-mcp-v1.6.0.zip,3
2026-10-07T18:01:57Z,v1.6.0,2026-09-15T10:00:23Z,labview-mcp.manifest.sha256,2
2026-10-07T18:01:57Z,v1.6.0,2026-09-15T10:00:23Z,labview-mcp.sha256,3
2026-10-07T18:01:57Z,v1.6.0,2026-09-15T10:00:23Z,labview-mcp.zip,5
2026-10-07T18:01:57Z,v1.5.5,2026-09-13T10:20:27Z,labview-mcp-v1.5.5.zip,5
2026-10-07T18:01:57Z,v1.5.5,2026-09-13T10:20:27Z,labview-mcp.manifest.sha256,5
2026-10-07T18:01:57Z,v1.5.5,2026-09-13T10:20:27Z,labview-mcp.sha256,8
2026-10-07T18:01:57Z,v1.5.5,2026-09-13T10:20:27Z,labview-mcp.zip,27
2026-10-07T18:01:57Z,v1.5.5,2026-09-13T10:20:27Z,labview-mcp_manual_install.zip,4
2026-10-07T18:01:57Z,v1.5.2,2026-09-11T22:24:26Z,labview-mcp-v1.5.2.zip,2
2026-10-07T18:01:57Z,v1.5.2,2026-09-11T22:24:26Z,labview-mcp.manifest.sha256,4
2026-10-07T18:01:57Z,v1.5.2,2026-09-11T22:24:26Z,labview-mcp.sha256,4
2026-10-07T18:01:57Z,v1.5.2,2026-09-11T22:24:26Z,labview-mcp.zip,9
2026-10-07T18:01:57Z,v1.5.1,2026-09-11T22:11:48Z,labview-mcp-v1.5.1.zip,1
2026-10-07T18:01:57Z,v1.5.1,2026-09-11T22:11:48Z,labview-mcp.manifest.sha256,1
2026-10-07T18:01:57Z,v1.5.1,2026-09-11T22:11:48Z,labview-mcp.sha256,1
2026-10-07T18:01:57Z,v1.5.1,2026-09-11T22:11:48Z,labview-mcp.zip,1
2026-10-07T18:01:57Z,v1.5.0,2026-09-11T22:00:20Z,labview-mcp-v1.5.0.zip,1
2026-10-07T18:01:57Z,v1.5.0,2026-09-11T22:00:20Z,labview-mcp.manifest.sha256,3
2026-10-07T18:01:57Z,v1.5.0,2026-09-11T22:00:20Z,labview-mcp.sha256,3
2026-10-07T18:01:57Z,v1.5.0,2026-09-11T22:00:20Z,labview-mcp.zip,3
2026-10-07T18:01:57Z,v1.4.1,2026-09-11T21:13:28Z,labview-mcp-v1.4.1.zip,1
2026-10-07T18:01:57Z,v1.4.1,2026-09-11T21:13:28Z,labview-mcp.manifest.sha256,3
2026-10-07T18:01:57Z,v1.4.1,2026-09-11T21:13:28Z,labview-mcp.sha256,2
2026-10-07T18:01:57Z,v1.4.1,2026-09-11T21:13:28Z,labview-mcp.zip,3
2026-10-07T18:01:57Z,v1.4.0,2026-09-11T13:48:38Z,labview-mcp-v1.4.0.zip,6
2026-10-07T18:01:57Z,v1.4.0,2026-09-11T13:48:38Z,labview-mcp.manifest.sha256,1
2026-10-07T18:01:57Z,v1.4.0,2026-09-11T13:48:38Z,labview-mcp.sha256,3
2026-10-07T18:01:57Z,v1.4.0,2026-09-11T13:48:38Z,labview-mcp.zip,4
2026-10-07T18:01:57Z,v1.3.0,2026-09-11T09:39:39Z,labview-mcp.zip,10
2026-10-07T18:01:57Z,V1.2.8,2026-09-11T08:03:47Z,labview-mcp.zip,2
2026-10-07T18:01:57Z,V1.2.5,2026-09-10T13:11:53Z,labview-mcp.zip,12
2026-10-07T18:01:57Z,V1.2.2,2026-09-10T06:12:50Z,labview-mcp.zip,3
2026-10-07T18:01:57Z,V1.2.0,2026-09-08T15:06:45Z,labview-mcp.zip,34
2026-10-07T18:01:57Z,V1.1.5,2026-09-07T11:02:20Z,labview-mcp.zip,16
2026-10-07T18:01:57Z,v1.1.1,2026-09-04T14:10:53Z,labview-mcp.zip,28
2026-10-07T18:01:57Z,v1.1.0,2026-09-04T09:40:08Z,labview-mcp.zip,4
2026-10-07T18:01:57Z,v1.0.7,2026-09-03T12:48:12Z,labview-mcp.zip,4
2026-10-07T18:01:57Z,v1.0.6,2026-09-02T08:22:35Z,labview-mcp.zip,10
2026-10-07T18:01:57Z,v1.0.3,2026-08-31T16:11:27Z,labview-mcp.zip,9
2026-10-07T18:01:57Z,v1.0.2,2026-08-31T11:13:20Z,labview-mcp.zip,2
2026-10-07T18:01:57Z,v1.0.0,2026-08-30T13:07:08Z,labview-mcp.zip,3
2026-10-07T18:01:57Z,v0.10.0,2026-08-29T21:00:15Z,labview-mcp.zip,2
2026-10-07T18:01:57Z,v0.9.9,2026-08-29T11:23:45Z,labview-mcp.zip,1
2026-10-07T18:01:57Z,v0.9.8,2026-08-28T19:37:23Z,labview-mcp.zip,3
2026-10-07T18:01:57Z,v0.9.7,2026-08-28T13:55:13Z,labview-mcp.zip,0
2026-10-07T18:01:57Z,v0.9.5,2026-08-27T11:12:02Z,labview-mcp.zip,3
2026-10-07T18:01:57Z,v0.9.2,2026-08-25T19:51:38Z,labview-mcp.zip,8
2026-10-07T18:01:57Z,v0.9.0,2026-08-24T15:23:32Z,labview-mcp.zip,5
2026-10-07T18:01:57Z,v0.8.7,2026-08-14T20:16:50Z,labview-mcp.zip,42
2026-10-07T18:01:57Z,v0.8.6,2026-08-14T20:08:18Z,labview-mcp.zip,1
2026-10-07T18:01:57Z,V0.8.5,2026-08-14T10:17:28Z,LabVIEWMCP_V0.8.5.zip,4
2026-10-07T18:01:57Z,v0.8.0,2026-08-13T13:25:09Z,labview-mcp.zip,6
2026-10-07T18:01:57Z,V0.7.8,2026-08-13T08:31:04Z,LabVIEWMCP_V0.7.8.zip,0
2026-10-07T18:01:57Z,V0.7.0,2026-08-13T06:10:44Z,LabVIEWMCP_V0.7.0.zip,0
2026-10-07T18:06:40Z,v1.9.5,2026-10-06T18:39:19Z,labview-mcp-v1.9.5.zip,7
2026-10-07T18:06:40Z,v1.9.5,2026-10-06T18:39:19Z,labview-mcp.manifest.sha256,2
2026-10-07T18:06:40Z,v1.9.5,2026-10-06T18:39:19Z,labview-mcp.sha256,5
2026-10-07T18:06:40Z,v1.9.5,2026-10-06T18:39:19Z,labview-mcp.zip,14
2026-10-07T18:06:40Z,v1.9.3,2026-10-05T20:00:00Z,labview-mcp-v1.9.3.zip,6
2026-10-07T18:06:40Z,v1.9.3,2026-10-05T20:00:00Z,labview-mcp.manifest.sha256,2
2026-10-07T18:06:40Z,v1.9.3,2026-10-05T20:00:00Z,labview-mcp.sha256,5
2026-10-07T18:06:40Z,v1.9.3,2026-10-05T20:00:00Z,labview-mcp.zip,24
2026-10-07T18:06:40Z,v1.9.1,2026-10-03T09:06:03Z,labview-mcp-v1.9.1.zip,8
2026-10-07T18:06:40Z,v1.9.1,2026-10-03T09:06:03Z,labview-mcp.manifest.sha256,3
2026-10-07T18:06:40Z,v1.9.1,2026-10-03T09:06:03Z,labview-mcp.sha256,12
2026-10-07T18:06:40Z,v1.9.1,2026-10-03T09:06:03Z,labview-mcp.zip,37
2026-10-07T18:06:40Z,v1.9.0,2026-10-02T11:47:00Z,labview-mcp-v1.9.0.zip,3
2026-10-07T18:06:40Z,v1.9.0,2026-10-02T11:47:00Z,labview-mcp.manifest.sha256,2
2026-10-07T18:06:40Z,v1.9.0,2026-10-02T11:47:00Z,labview-mcp.sha256,3
2026-10-07T18:06:40Z,v1.9.0,2026-10-02T11:47:00Z,labview-mcp.zip,12
2026-10-07T18:06:40Z,v1.8.8,2026-10-01T08:23:08Z,labview-mcp-v1.8.8.zip,15
2026-10-07T18:06:40Z,v1.8.8,2026-10-01T08:23:08Z,labview-mcp.manifest.sha256,5
2026-10-07T18:06:40Z,v1.8.8,2026-10-01T08:23:08Z,labview-mcp.sha256,7
2026-10-07T18:06:40Z,v1.8.8,2026-10-01T08:23:08Z,labview-mcp.zip,37
2026-10-07T18:06:40Z,v1.8.7,2026-09-30T18:37:48Z,labview-mcp-v1.8.7.zip,3
2026-10-07T18:06:40Z,v1.8.7,2026-09-30T18:37:48Z,labview-mcp.manifest.sha256,2
2026-10-07T18:06:40Z,v1.8.7,2026-09-30T18:37:48Z,labview-mcp.sha256,3
2026-10-07T18:06:40Z,v1.8.7,2026-09-30T18:37:48Z,labview-mcp.zip,8
2026-10-07T18:06:40Z,v1.8.6,2026-09-29T19:50:52Z,labview-mcp-v1.8.6.zip,12
2026-10-07T18:06:40Z,v1.8.6,2026-09-29T19:50:52Z,labview-mcp.manifest.sha256,4
2026-10-07T18:06:40Z,v1.8.6,2026-09-29T19:50:52Z,labview-mcp.sha256,7
2026-10-07T18:06:40Z,v1.8.6,2026-09-29T19:50:52Z,labview-mcp.zip,32
2026-10-07T18:06:40Z,v1.8.5,2026-09-28T05:53:26Z,labview-mcp-v1.8.5.zip,16
2026-10-07T18:06:40Z,v1.8.5,2026-09-28T05:53:26Z,labview-mcp.manifest.sha256,5
2026-10-07T18:06:40Z,v1.8.5,2026-09-28T05:53:26Z,labview-mcp.sha256,13
2026-10-07T18:06:40Z,v1.8.5,2026-09-28T05:53:26Z,labview-mcp.zip,46
2026-10-07T18:06:40Z,v1.8.4,2026-09-27T08:44:07Z,labview-mcp-v1.8.4.zip,6
2026-10-07T18:06:40Z,v1.8.4,2026-09-27T08:44:07Z,labview-mcp.manifest.sha256,1
2026-10-07T18:06:40Z,v1.8.4,2026-09-27T08:44:07Z,labview-mcp.sha256,2
2026-10-07T18:06:40Z,v1.8.4,2026-09-27T08:44:07Z,labview-mcp.zip,8
2026-10-07T18:06:40Z,v1.8.0,2026-09-25T14:47:11Z,labview-mcp-v1.8.0.zip,2
2026-10-07T18:06:40Z,v1.8.0,2026-09-25T14:47:11Z,labview-mcp.manifest.sha256,3
2026-10-07T18:06:40Z,v1.8.0,2026-09-25T14:47:11Z,labview-mcp.sha256,3
2026-10-07T18:06:40Z,v1.8.0,2026-09-25T14:47:11Z,labview-mcp.zip,17
2026-10-07T18:06:40Z,v1.7.2,2026-09-18T15:25:00Z,labview-mcp-v1.7.2.zip,39
2026-10-07T18:06:40Z,v1.7.2,2026-09-18T15:25:00Z,labview-mcp.manifest.sha256,10
2026-10-07T18:06:40Z,v1.7.2,2026-09-18T15:25:00Z,labview-mcp.sha256,23
2026-10-07T18:06:40Z,v1.7.2,2026-09-18T15:25:00Z,labview-mcp.zip,81
2026-10-07T18:06:40Z,v1.7.0,2026-09-17T15:29:26Z,labview-mcp-v1.7.0.zip,5
2026-10-07T18:06:40Z,v1.7.0,2026-09-17T15:29:26Z,labview-mcp.manifest.sha256,3
2026-10-07T18:06:40Z,v1.7.0,2026-09-17T15:29:26Z,labview-mcp.sha256,6
2026-10-07T18:06:40Z,v1.7.0,2026-09-17T15:29:26Z,labview-mcp.zip,10
2026-10-07T18:06:40Z,v1.6.9,2026-09-17T09:17:44Z,labview-mcp-v1.6.9.zip,3
2026-10-07T18:06:40Z,v1.6.9,2026-09-17T09:17:44Z,labview-mcp.manifest.sha256,1
2026-10-07T18:06:40Z,v1.6.9,2026-09-17T09:17:44Z,labview-mcp.sha256,1
2026-10-07T18:06:40Z,v1.6.9,2026-09-17T09:17:44Z,labview-mcp.zip,2
2026-10-07T18:06:40Z,v1.6.8,2026-09-17T07:05:25Z,labview-mcp-v1.6.8.zip,1
2026-10-07T18:06:40Z,v1.6.8,2026-09-17T07:05:25Z,labview-mcp.manifest.sha256,3
2026-10-07T18:06:40Z,v1.6.8,2026-09-17T07:05:25Z,labview-mcp.sha256,5
2026-10-07T18:06:40Z,v1.6.8,2026-09-17T07:05:25Z,labview-mcp.zip,5
2026-10-07T18:06:40Z,v1.6.5,2026-09-16T20:03:33Z,labview-mcp-v1.6.5.zip,4
2026-10-07T18:06:40Z,v1.6.5,2026-09-16T20:03:33Z,labview-mcp.manifest.sha256,2
2026-10-07T18:06:40Z,v1.6.5,2026-09-16T20:03:33Z,labview-mcp.sha256,5
2026-10-07T18:06:40Z,v1.6.5,2026-09-16T20:03:33Z,labview-mcp.zip,6
2026-10-07T18:06:40Z,v1.6.2,2026-09-15T18:19:58Z,labview-mcp-v1.6.2.zip,9
2026-10-07T18:06:40Z,v1.6.2,2026-09-15T18:19:58Z,labview-mcp.manifest.sha256,5
2026-10-07T18:06:40Z,v1.6.2,2026-09-15T18:19:58Z,labview-mcp.sha256,9
2026-10-07T18:06:40Z,v1.6.2,2026-09-15T18:19:58Z,labview-mcp.zip,24
2026-10-07T18:06:40Z,v1.6.0,2026-09-15T10:00:23Z,labview-mcp-v1.6.0.zip,3
2026-10-07T18:06:40Z,v1.6.0,2026-09-15T10:00:23Z,labview-mcp.manifest.sha256,2
2026-10-07T18:06:40Z,v1.6.0,2026-09-15T10:00:23Z,labview-mcp.sha256,3
2026-10-07T18:06:40Z,v1.6.0,2026-09-15T10:00:23Z,labview-mcp.zip,5
2026-10-07T18:06:40Z,v1.5.5,2026-09-13T10:20:27Z,labview-mcp-v1.5.5.zip,5
2026-10-07T18:06:40Z,v1.5.5,2026-09-13T10:20:27Z,labview-mcp.manifest.sha256,5
2026-10-07T18:06:40Z,v1.5.5,2026-09-13T10:20:27Z,labview-mcp.sha256,8
2026-10-07T18:06:40Z,v1.5.5,2026-09-13T10:20:27Z,labview-mcp.zip,27
2026-10-07T18:06:40Z,v1.5.5,2026-09-13T10:20:27Z,labview-mcp_manual_install.zip,4
2026-10-07T18:06:40Z,v1.5.2,2026-09-11T22:24:26Z,labview-mcp-v1.5.2.zip,2
2026-10-07T18:06:40Z,v1.5.2,2026-09-11T22:24:26Z,labview-mcp.manifest.sha256,4
2026-10-07T18:06:40Z,v1.5.2,2026-09-11T22:24:26Z,labview-mcp.sha256,4
2026-10-07T18:06:40Z,v1.5.2,2026-09-11T22:24:26Z,labview-mcp.zip,9
2026-10-07T18:06:40Z,v1.5.1,2026-09-11T22:11:48Z,labview-mcp-v1.5.1.zip,1
2026-10-07T18:06:40Z,v1.5.1,2026-09-11T22:11:48Z,labview-mcp.manifest.sha256,1
2026-10-07T18:06:40Z,v1.5.1,2026-09-11T22:11:48Z,labview-mcp.sha256,1
2026-10-07T18:06:40Z,v1.5.1,2026-09-11T22:11:48Z,labview-mcp.zip,1
2026-10-07T18:06:40Z,v1.5.0,2026-09-11T22:00:20Z,labview-mcp-v1.5.0.zip,1
2026-10-07T18:06:40Z,v1.5.0,2026-09-11T22:00:20Z,labview-mcp.manifest.sha256,3
2026-10-07T18:06:40Z,v1.5.0,2026-09-11T22:00:20Z,labview-mcp.sha256,3
2026-10-07T18:06:40Z,v1.5.0,2026-09-11T22:00:20Z,labview-mcp.zip,3
2026-10-07T18:06:40Z,v1.4.1,2026-09-11T21:13:28Z,labview-mcp-v1.4.1.zip,1
2026-10-07T18:06:40Z,v1.4.1,2026-09-11T21:13:28Z,labview-mcp.manifest.sha256,3
2026-10-07T18:06:40Z,v1.4.1,2026-09-11T21:13:28Z,labview-mcp.sha256,2
2026-10-07T18:06:40Z,v1.4.1,2026-09-11T21:13:28Z,labview-mcp.zip,3
2026-10-07T18:06:40Z,v1.4.0,2026-09-11T13:48:38Z,labview-mcp-v1.4.0.zip,6
2026-10-07T18:06:40Z,v1.4.0,2026-09-11T13:48:38Z,labview-mcp.manifest.sha256,1
2026-10-07T18:06:40Z,v1.4.0,2026-09-11T13:48:38Z,labview-mcp.sha256,3
2026-10-07T18:06:40Z,v1.4.0,2026-09-11T13:48:38Z,labview-mcp.zip,4
2026-10-07T18:06:40Z,v1.3.0,2026-09-11T09:39:39Z,labview-mcp.zip,10
2026-10-07T18:06:40Z,V1.2.8,2026-09-11T08:03:47Z,labview-mcp.zip,2
2026-10-07T18:06:40Z,V1.2.5,2026-09-10T13:11:53Z,labview-mcp.zip,12
2026-10-07T18:06:40Z,V1.2.2,2026-09-10T06:12:50Z,labview-mcp.zip,3
2026-10-07T18:06:40Z,V1.2.0,2026-09-08T15:06:45Z,labview-mcp.zip,34
2026-10-07T18:06:40Z,V1.1.5,2026-09-07T11:02:20Z,labview-mcp.zip,16
2026-10-07T18:06:40Z,v1.1.1,2026-09-04T14:10:53Z,labview-mcp.zip,28
2026-10-07T18:06:40Z,v1.1.0,2026-09-04T09:40:08Z,labview-mcp.zip,4
2026-10-07T18:06:40Z,v1.0.7,2026-09-03T12:48:12Z,labview-mcp.zip,4
2026-10-07T18:06:40Z,v1.0.6,2026-09-02T08:22:35Z,labview-mcp.zip,10
2026-10-07T18:06:40Z,v1.0.3,2026-08-31T16:11:27Z,labview-mcp.zip,9
2026-10-07T18:06:40Z,v1.0.2,2026-08-31T11:13:20Z,labview-mcp.zip,2
2026-10-07T18:06:40Z,v1.0.0,2026-08-30T13:07:08Z,labview-mcp.zip,3
2026-10-07T18:06:40Z,v0.10.0,2026-08-29T21:00:15Z,labview-mcp.zip,2
2026-10-07T18:06:40Z,v0.9.9,2026-08-29T11:23:45Z,labview-mcp.zip,1
2026-10-07T18:06:40Z,v0.9.8,2026-08-28T19:37:23Z,labview-mcp.zip,3
2026-10-07T18:06:40Z,v0.9.7,2026-08-28T13:55:13Z,labview-mcp.zip,0
2026-10-07T18:06:40Z,v0.9.5,2026-08-27T11:12:02Z,labview-mcp.zip,3
2026-10-07T18:06:40Z,v0.9.2,2026-08-25T19:51:38Z,labview-mcp.zip,8
2026-10-07T18:06:40Z,v0.9.0,2026-08-24T15:23:32Z,labview-mcp.zip,5
2026-10-07T18:06:40Z,v0.8.7,2026-08-14T20:16:50Z,labview-mcp.zip,42
2026-10-07T18:06:40Z,v0.8.6,2026-08-14T20:08:18Z,labview-mcp.zip,1
2026-10-07T18:06:40Z,V0.8.5,2026-08-14T10:17:28Z,LabVIEWMCP_V0.8.5.zip,4
2026-10-07T18:06:40Z,v0.8.0,2026-08-13T13:25:09Z,labview-mcp.zip,6
2026-10-07T18:06:40Z,V0.7.8,2026-08-13T08:31:04Z,LabVIEWMCP_V0.7.8.zip,0
2026-10-07T18:06:40Z,V0.7.0,2026-08-13T06:10:44Z,LabVIEWMCP_V0.7.0.zip,0
2026-10-07T18:35:47Z,v1.9.5,2026-10-06T18:39:19Z,labview-mcp-v1.9.5.zip,7
2026-10-07T18:35:47Z,v1.9.5,2026-10-06T18:39:19Z,labview-mcp.manifest.sha256,2
2026-10-07T18:35:47Z,v1.9.5,2026-10-06T18:39:19Z,labview-mcp.sha256,5
2026-10-07T18:35:47Z,v1.9.5,2026-10-06T18:39:19Z,labview-mcp.zip,15
2026-10-07T18:35:47Z,v1.9.3,2026-10-05T20:00:00Z,labview-mcp-v1.9.3.zip,6
2026-10-07T18:35:47Z,v1.9.3,2026-10-05T20:00:00Z,labview-mcp.manifest.sha256,2
2026-10-07T18:35:47Z,v1.9.3,2026-10-05T20:00:00Z,labview-mcp.sha256,5
2026-10-07T18:35:47Z,v1.9.3,2026-10-05T20:00:00Z,labview-mcp.zip,24
2026-10-07T18:35:47Z,v1.9.1,2026-10-03T09:06:03Z,labview-mcp-v1.9.1.zip,8
2026-10-07T18:35:47Z,v1.9.1,2026-10-03T09:06:03Z,labview-mcp.manifest.sha256,3
2026-10-07T18:35:47Z,v1.9.1,2026-10-03T09:06:03Z,labview-mcp.sha256,12
2026-10-07T18:35:47Z,v1.9.1,2026-10-03T09:06:03Z,labview-mcp.zip,37
2026-10-07T18:35:47Z,v1.9.0,2026-10-02T11:47:00Z,labview-mcp-v1.9.0.zip,3
2026-10-07T18:35:47Z,v1.9.0,2026-10-02T11:47:00Z,labview-mcp.manifest.sha256,2
2026-10-07T18:35:47Z,v1.9.0,2026-10-02T11:47:00Z,labview-mcp.sha256,3
2026-10-07T18:35:47Z,v1.9.0,2026-10-02T11:47:00Z,labview-mcp.zip,12
2026-10-07T18:35:47Z,v1.8.8,2026-10-01T08:23:08Z,labview-mcp-v1.8.8.zip,15
2026-10-07T18:35:47Z,v1.8.8,2026-10-01T08:23:08Z,labview-mcp.manifest.sha256,5
2026-10-07T18:35:47Z,v1.8.8,2026-10-01T08:23:08Z,labview-mcp.sha256,7
2026-10-07T18:35:47Z,v1.8.8,2026-10-01T08:23:08Z,labview-mcp.zip,37
2026-10-07T18:35:47Z,v1.8.7,2026-09-30T18:37:48Z,labview-mcp-v1.8.7.zip,3
2026-10-07T18:35:47Z,v1.8.7,2026-09-30T18:37:48Z,labview-mcp.manifest.sha256,2
2026-10-07T18:35:47Z,v1.8.7,2026-09-30T18:37:48Z,labview-mcp.sha256,3
2026-10-07T18:35:47Z,v1.8.7,2026-09-30T18:37:48Z,labview-mcp.zip,8
2026-10-07T18:35:47Z,v1.8.6,2026-09-29T19:50:52Z,labview-mcp-v1.8.6.zip,12
2026-10-07T18:35:47Z,v1.8.6,2026-09-29T19:50:52Z,labview-mcp.manifest.sha256,4
2026-10-07T18:35:47Z,v1.8.6,2026-09-29T19:50:52Z,labview-mcp.sha256,7
2026-10-07T18:35:47Z,v1.8.6,2026-09-29T19:50:52Z,labview-mcp.zip,32
2026-10-07T18:35:47Z,v1.8.5,2026-09-28T05:53:26Z,labview-mcp-v1.8.5.zip,16
2026-10-07T18:35:47Z,v1.8.5,2026-09-28T05:53:26Z,labview-mcp.manifest.sha256,5
2026-10-07T18:35:47Z,v1.8.5,2026-09-28T05:53:26Z,labview-mcp.sha256,13
2026-10-07T18:35:47Z,v1.8.5,2026-09-28T05:53:26Z,labview-mcp.zip,46
2026-10-07T18:35:47Z,v1.8.4,2026-09-27T08:44:07Z,labview-mcp-v1.8.4.zip,6
2026-10-07T18:35:47Z,v1.8.4,2026-09-27T08:44:07Z,labview-mcp.manifest.sha256,1
2026-10-07T18:35:47Z,v1.8.4,2026-09-27T08:44:07Z,labview-mcp.sha256,2
2026-10-07T18:35:47Z,v1.8.4,2026-09-27T08:44:07Z,labview-mcp.zip,8
2026-10-07T18:35:47Z,v1.8.0,2026-09-25T14:47:11Z,labview-mcp-v1.8.0.zip,2
2026-10-07T18:35:47Z,v1.8.0,2026-09-25T14:47:11Z,labview-mcp.manifest.sha256,3
2026-10-07T18:35:47Z,v1.8.0,2026-09-25T14:47:11Z,labview-mcp.sha256,3
2026-10-07T18:35:47Z,v1.8.0,2026-09-25T14:47:11Z,labview-mcp.zip,17
2026-10-07T18:35:47Z,v1.7.2,2026-09-18T15:25:00Z,labview-mcp-v1.7.2.zip,39
2026-10-07T18:35:47Z,v1.7.2,2026-09-18T15:25:00Z,labview-mcp.manifest.sha256,10
2026-10-07T18:35:47Z,v1.7.2,2026-09-18T15:25:00Z,labview-mcp.sha256,23
2026-10-07T18:35:47Z,v1.7.2,2026-09-18T15:25:00Z,labview-mcp.zip,81
2026-10-07T18:35:47Z,v1.7.0,2026-09-17T15:29:26Z,labview-mcp-v1.7.0.zip,5
2026-10-07T18:35:47Z,v1.7.0,2026-09-17T15:29:26Z,labview-mcp.manifest.sha256,3
2026-10-07T18:35:47Z,v1.7.0,2026-09-17T15:29:26Z,labview-mcp.sha256,6
2026-10-07T18:35:47Z,v1.7.0,2026-09-17T15:29:26Z,labview-mcp.zip,10
2026-10-07T18:35:47Z,v1.6.9,2026-09-17T09:17:44Z,labview-mcp-v1.6.9.zip,3
2026-10-07T18:35:47Z,v1.6.9,2026-09-17T09:17:44Z,labview-mcp.manifest.sha256,1
2026-10-07T18:35:47Z,v1.6.9,2026-09-17T09:17:44Z,labview-mcp.sha256,1
2026-10-07T18:35:47Z,v1.6.9,2026-09-17T09:17:44Z,labview-mcp.zip,2
2026-10-07T18:35:47Z,v1.6.8,2026-09-17T07:05:25Z,labview-mcp-v1.6.8.zip,1
2026-10-07T18:35:47Z,v1.6.8,2026-09-17T07:05:25Z,labview-mcp.manifest.sha256,3
2026-10-07T18:35:47Z,v1.6.8,2026-09-17T07:05:25Z,labview-mcp.sha256,5
2026-10-07T18:35:47Z,v1.6.8,2026-09-17T07:05:25Z,labview-mcp.zip,5
2026-10-07T18:35:47Z,v1.6.5,2026-09-16T20:03:33Z,labview-mcp-v1.6.5.zip,4
2026-10-07T18:35:47Z,v1.6.5,2026-09-16T20:03:33Z,labview-mcp.manifest.sha256,2
2026-10-07T18:35:47Z,v1.6.5,2026-09-16T20:03:33Z,labview-mcp.sha256,5
2026-10-07T18:35:47Z,v1.6.5,2026-09-16T20:03:33Z,labview-mcp.zip,6
2026-10-07T18:35:47Z,v1.6.2,2026-09-15T18:19:58Z,labview-mcp-v1.6.2.zip,9
2026-10-07T18:35:47Z,v1.6.2,2026-09-15T18:19:58Z,labview-mcp.manifest.sha256,5
2026-10-07T18:35:47Z,v1.6.2,2026-09-15T18:19:58Z,labview-mcp.sha256,9
2026-10-07T18:35:47Z,v1.6.2,2026-09-15T18:19:58Z,labview-mcp.zip,24
2026-10-07T18:35:47Z,v1.6.0,2026-09-15T10:00:23Z,labview-mcp-v1.6.0.zip,3
2026-10-07T18:35:47Z,v1.6.0,2026-09-15T10:00:23Z,labview-mcp.manifest.sha256,2
2026-10-07T18:35:47Z,v1.6.0,2026-09-15T10:00:23Z,labview-mcp.sha256,3
2026-10-07T18:35:47Z,v1.6.0,2026-09-15T10:00:23Z,labview-mcp.zip,5
2026-10-07T18:35:47Z,v1.5.5,2026-09-13T10:20:27Z,labview-mcp-v1.5.5.zip,5
2026-10-07T18:35:47Z,v1.5.5,2026-09-13T10:20:27Z,labview-mcp.manifest.sha256,5
2026-10-07T18:35:47Z,v1.5.5,2026-09-13T10:20:27Z,labview-mcp.sha256,8
2026-10-07T18:35:47Z,v1.5.5,2026-09-13T10:20:27Z,labview-mcp.zip,27
2026-10-07T18:35:47Z,v1.5.5,2026-09-13T10:20:27Z,labview-mcp_manual_install.zip,4
2026-10-07T18:35:47Z,v1.5.2,2026-09-11T22:24:26Z,labview-mcp-v1.5.2.zip,2
2026-10-07T18:35:47Z,v1.5.2,2026-09-11T22:24:26Z,labview-mcp.manifest.sha256,4
2026-10-07T18:35:47Z,v1.5.2,2026-09-11T22:24:26Z,labview-mcp.sha256,4
2026-10-07T18:35:47Z,v1.5.2,2026-09-11T22:24:26Z,labview-mcp.zip,9
2026-10-07T18:35:47Z,v1.5.1,2026-09-11T22:11:48Z,labview-mcp-v1.5.1.zip,1
2026-10-07T18:35:47Z,v1.5.1,2026-09-11T22:11:48Z,labview-mcp.manifest.sha256,1
2026-10-07T18:35:47Z,v1.5.1,2026-09-11T22:11:48Z,labview-mcp.sha256,1
2026-10-07T18:35:47Z,v1.5.1,2026-09-11T22:11:48Z,labview-mcp.zip,1
2026-10-07T18:35:47Z,v1.5.0,2026-09-11T22:00:20Z,labview-mcp-v1.5.0.zip,1
2026-10-07T18:35:47Z,v1.5.0,2026-09-11T22:00:20Z,labview-mcp.manifest.sha256,3
2026-10-07T18:35:47Z,v1.5.0,2026-09-11T22:00:20Z,labview-mcp.sha256,3
2026-10-07T18:35:47Z,v1.5.0,2026-09-11T22:00:20Z,labview-mcp.zip,3
2026-10-07T18:35:47Z,v1.4.1,2026-09-11T21:13:28Z,labview-mcp-v1.4.1.zip,1
2026-10-07T18:35:47Z,v1.4.1,2026-09-11T21:13:28Z,labview-mcp.manifest.sha256,3
2026-10-07T18:35:47Z,v1.4.1,2026-09-11T21:13:28Z,labview-mcp.sha256,2
2026-10-07T18:35:47Z,v1.4.1,2026-09-11T21:13:28Z,labview-mcp.zip,3
2026-10-07T18:35:47Z,v1.4.0,2026-09-11T13:48:38Z,labview-mcp-v1.4.0.zip,6
2026-10-07T18:35:47Z,v1.4.0,2026-09-11T13:48:38Z,labview-mcp.manifest.sha256,1
2026-10-07T18:35:47Z,v1.4.0,2026-09-11T13:48:38Z,labview-mcp.sha256,3
2026-10-07T18:35:47Z,v1.4.0,2026-09-11T13:48:38Z,labview-mcp.zip,4
2026-10-07T18:35:47Z,v1.3.0,2026-09-11T09:39:39Z,labview-mcp.zip,10
2026-10-07T18:35:47Z,V1.2.8,2026-09-11T08:03:47Z,labview-mcp.zip,2
2026-10-07T18:35:47Z,V1.2.5,2026-09-10T13:11:53Z,labview-mcp.zip,12
2026-10-07T18:35:47Z,V1.2.2,2026-09-10T06:12:50Z,labview-mcp.zip,3
2026-10-07T18:35:47Z,V1.2.0,2026-09-08T15:06:45Z,labview-mcp.zip,34
2026-10-07T18:35:47Z,V1.1.5,2026-09-07T11:02:20Z,labview-mcp.zip,16
2026-10-07T18:35:47Z,v1.1.1,2026-09-04T14:10:53Z,labview-mcp.zip,28
2026-10-07T18:35:47Z,v1.1.0,2026-09-04T09:40:08Z,labview-mcp.zip,4
2026-10-07T18:35:47Z,v1.0.7,2026-09-03T12:48:12Z,labview-mcp.zip,4
2026-10-07T18:35:47Z,v1.0.6,2026-09-02T08:22:35Z,labview-mcp.zip,10
2026-10-07T18:35:47Z,v1.0.3,2026-08-31T16:11:27Z,labview-mcp.zip,9
2026-10-07T18:35:47Z,v1.0.2,2026-08-31T11:13:20Z,labview-mcp.zip,2
2026-10-07T18:35:47Z,v1.0.0,2026-08-30T13:07:08Z,labview-mcp.zip,3
2026-10-07T18:35:47Z,v0.10.0,2026-08-29T21:00:15Z,labview-mcp.zip,2
2026-10-07T18:35:47Z,v0.9.9,2026-08-29T11:23:45Z,labview-mcp.zip,1
2026-10-07T18:35:47Z,v0.9.8,2026-08-28T19:37:23Z,labview-mcp.zip,3
2026-10-07T18:35:47Z,v0.9.7,2026-08-28T13:55:13Z,labview-mcp.zip,0
2026-10-07T18:35:47Z,v0.9.5,2026-08-27T11:12:02Z,labview-mcp.zip,3
2026-10-07T18:35:47Z,v0.9.2,2026-08-25T19:51:38Z,labview-mcp.zip,8
2026-10-07T18:35:47Z,v0.9.0,2026-08-24T15:23:32Z,labview-mcp.zip,5
2026-10-07T18:35:47Z,v0.8.7,2026-08-14T20:16:50Z,labview-mcp.zip,42
2026-10-07T18:35:47Z,v0.8.6,2026-08-14T20:08:18Z,labview-mcp.zip,1
2026-10-07T18:35:47Z,V0.8.5,2026-08-14T10:17:28Z,LabVIEWMCP_V0.8.5.zip,4
2026-10-07T18:35:47Z,v0.8.0,2026-08-13T13:25:09Z,labview-mcp.zip,6
2026-10-07T18:35:47Z,V0.7.8,2026-08-13T08:31:04Z,LabVIEWMCP_V0.7.8.zip,0
2026-10-07T18:35:47Z,V0.7.0,2026-08-13T06:10:44Z,LabVIEWMCP_V0.7.0.zip,0
2026-10-08T08:56:26Z,v1.9.5,2026-10-06T18:39:19Z,labview-mcp-v1.9.5.zip,10
2026-10-08T08:56:26Z,v1.9.5,2026-10-06T18:39:19Z,labview-mcp.manifest.sha256,4
2026-10-08T08:56:26Z,v1.9.5,2026-10-06T18:39:19Z,labview-mcp.sha256,8
2026-10-08T08:56:26Z,v1.9.5,2026-10-06T18:39:19Z,labview-mcp.zip,24
2026-10-08T08:56:26Z,v1.9.3,2026-10-05T20:00:00Z,labview-mcp-v1.9.3.zip,6
2026-10-08T08:56:26Z,v1.9.3,2026-10-05T20:00:00Z,labview-mcp.manifest.sha256,2
2026-10-08T08:56:26Z,v1.9.3,2026-10-05T20:00:00Z,labview-mcp.sha256,5
2026-10-08T08:56:26Z,v1.9.3,2026-10-05T20:00:00Z,labview-mcp.zip,24
2026-10-08T08:56:26Z,v1.9.1,2026-10-03T09:06:03Z,labview-mcp-v1.9.1.zip,8
2026-10-08T08:56:26Z,v1.9.1,2026-10-03T09:06:03Z,labview-mcp.manifest.sha256,3
2026-10-08T08:56:26Z,v1.9.1,2026-10-03T09:06:03Z,labview-mcp.sha256,12
2026-10-08T08:56:26Z,v1.9.1,2026-10-03T09:06:03Z,labview-mcp.zip,37
2026-10-08T08:56:26Z,v1.9.0,2026-10-02T11:47:00Z,labview-mcp-v1.9.0.zip,3
2026-10-08T08:56:26Z,v1.9.0,2026-10-02T11:47:00Z,labview-mcp.manifest.sha256,2
2026-10-08T08:56:26Z,v1.9.0,2026-10-02T11:47:00Z,labview-mcp.sha256,3
2026-10-08T08:56:26Z,v1.9.0,2026-10-02T11:47:00Z,labview-mcp.zip,12
2026-10-08T08:56:26Z,v1.8.8,2026-10-01T08:23:08Z,labview-mcp-v1.8.8.zip,15
2026-10-08T08:56:26Z,v1.8.8,2026-10-01T08:23:08Z,labview-mcp.manifest.sha256,5
2026-10-08T08:56:26Z,v1.8.8,2026-10-01T08:23:08Z,labview-mcp.sha256,7
2026-10-08T08:56:26Z,v1.8.8,2026-10-01T08:23:08Z,labview-mcp.zip,37
2026-10-08T08:56:26Z,v1.8.7,2026-09-30T18:37:48Z,labview-mcp-v1.8.7.zip,3
2026-10-08T08:56:26Z,v1.8.7,2026-09-30T18:37:48Z,labview-mcp.manifest.sha256,2
2026-10-08T08:56:26Z,v1.8.7,2026-09-30T18:37:48Z,labview-mcp.sha256,3
2026-10-08T08:56:26Z,v1.8.7,2026-09-30T18:37:48Z,labview-mcp.zip,8
2026-10-08T08:56:26Z,v1.8.6,2026-09-29T19:50:52Z,labview-mcp-v1.8.6.zip,12
2026-10-08T08:56:26Z,v1.8.6,2026-09-29T19:50:52Z,labview-mcp.manifest.sha256,4
2026-10-08T08:56:26Z,v1.8.6,2026-09-29T19:50:52Z,labview-mcp.sha256,7
2026-10-08T08:56:26Z,v1.8.6,2026-09-29T19:50:52Z,labview-mcp.zip,32
2026-10-08T08:56:26Z,v1.8.5,2026-09-28T05:53:26Z,labview-mcp-v1.8.5.zip,16
2026-10-08T08:56:26Z,v1.8.5,2026-09-28T05:53:26Z,labview-mcp.manifest.sha256,5
2026-10-08T08:56:26Z,v1.8.5,2026-09-28T05:53:26Z,labview-mcp.sha256,13
2026-10-08T08:56:26Z,v1.8.5,2026-09-28T05:53:26Z,labview-mcp.zip,46
2026-10-08T08:56:26Z,v1.8.4,2026-09-27T08:44:07Z,labview-mcp-v1.8.4.zip,6
2026-10-08T08:56:26Z,v1.8.4,2026-09-27T08:44:07Z,labview-mcp.manifest.sha256,1
2026-10-08T08:56:26Z,v1.8.4,2026-09-27T08:44:07Z,labview-mcp.sha256,2
2026-10-08T08:56:26Z,v1.8.4,2026-09-27T08:44:07Z,labview-mcp.zip,8
2026-10-08T08:56:26Z,v1.8.0,2026-09-25T14:47:11Z,labview-mcp-v1.8.0.zip,2
2026-10-08T08:56:26Z,v1.8.0,2026-09-25T14:47:11Z,labview-mcp.manifest.sha256,3
2026-10-08T08:56:26Z,v1.8.0,2026-09-25T14:47:11Z,labview-mcp.sha256,3
2026-10-08T08:56:26Z,v1.8.0,2026-09-25T14:47:11Z,labview-mcp.zip,17
2026-10-08T08:56:26Z,v1.7.2,2026-09-18T15:25:00Z,labview-mcp-v1.7.2.zip,39
2026-10-08T08:56:26Z,v1.7.2,2026-09-18T15:25:00Z,labview-mcp.manifest.sha256,10
2026-10-08T08:56:26Z,v1.7.2,2026-09-18T15:25:00Z,labview-mcp.sha256,23
2026-10-08T08:56:26Z,v1.7.2,2026-09-18T15:25:00Z,labview-mcp.zip,81
2026-10-08T08:56:26Z,v1.7.0,2026-09-17T15:29:26Z,labview-mcp-v1.7.0.zip,5
2026-10-08T08:56:26Z,v1.7.0,2026-09-17T15:29:26Z,labview-mcp.manifest.sha256,3
2026-10-08T08:56:26Z,v1.7.0,2026-09-17T15:29:26Z,labview-mcp.sha256,6
2026-10-08T08:56:26Z,v1.7.0,2026-09-17T15:29:26Z,labview-mcp.zip,10
2026-10-08T08:56:26Z,v1.6.9,2026-09-17T09:17:44Z,labview-mcp-v1.6.9.zip,3
2026-10-08T08:56:26Z,v1.6.9,2026-09-17T09:17:44Z,labview-mcp.manifest.sha256,1
2026-10-08T08:56:26Z,v1.6.9,2026-09-17T09:17:44Z,labview-mcp.sha256,1
2026-10-08T08:56:26Z,v1.6.9,2026-09-17T09:17:44Z,labview-mcp.zip,2
2026-10-08T08:56:26Z,v1.6.8,2026-09-17T07:05:25Z,labview-mcp-v1.6.8.zip,1
2026-10-08T08:56:26Z,v1.6.8,2026-09-17T07:05:25Z,labview-mcp.manifest.sha256,3
2026-10-08T08:56:26Z,v1.6.8,2026-09-17T07:05:25Z,labview-mcp.sha256,5
2026-10-08T08:56:26Z,v1.6.8,2026-09-17T07:05:25Z,labview-mcp.zip,5
2026-10-08T08:56:26Z,v1.6.5,2026-09-16T20:03:33Z,labview-mcp-v1.6.5.zip,4
2026-10-08T08:56:26Z,v1.6.5,2026-09-16T20:03:33Z,labview-mcp.manifest.sha256,2
2026-10-08T08:56:26Z,v1.6.5,2026-09-16T20:03:33Z,labview-mcp.sha256,5
2026-10-08T08:56:26Z,v1.6.5,2026-09-16T20:03:33Z,labview-mcp.zip,6
2026-10-08T08:56:26Z,v1.6.2,2026-09-15T18:19:58Z,labview-mcp-v1.6.2.zip,9
2026-10-08T08:56:26Z,v1.6.2,2026-09-15T18:19:58Z,labview-mcp.manifest.sha256,5
2026-10-08T08:56:26Z,v1.6.2,2026-09-15T18:19:58Z,labview-mcp.sha256,9
2026-10-08T08:56:26Z,v1.6.2,2026-09-15T18:19:58Z,labview-mcp.zip,24
2026-10-08T08:56:26Z,v1.6.0,2026-09-15T10:00:23Z,labview-mcp-v1.6.0.zip,3
2026-10-08T08:56:26Z,v1.6.0,2026-09-15T10:00:23Z,labview-mcp.manifest.sha256,2
2026-10-08T08:56:26Z,v1.6.0,2026-09-15T10:00:23Z,labview-mcp.sha256,3
2026-10-08T08:56:26Z,v1.6.0,2026-09-15T10:00:23Z,labview-mcp.zip,5
2026-10-08T08:56:26Z,v1.5.5,2026-09-13T10:20:27Z,labview-mcp-v1.5.5.zip,5
2026-10-08T08:56:26Z,v1.5.5,2026-09-13T10:20:27Z,labview-mcp.manifest.sha256,5
2026-10-08T08:56:26Z,v1.5.5,2026-09-13T10:20:27Z,labview-mcp.sha256,8
2026-10-08T08:56:26Z,v1.5.5,2026-09-13T10:20:27Z,labview-mcp.zip,27
2026-10-08T08:56:26Z,v1.5.5,2026-09-13T10:20:27Z,labview-mcp_manual_install.zip,4
2026-10-08T08:56:26Z,v1.5.2,2026-09-11T22:24:26Z,labview-mcp-v1.5.2.zip,2
2026-10-08T08:56:26Z,v1.5.2,2026-09-11T22:24:26Z,labview-mcp.manifest.sha256,4
2026-10-08T08:56:26Z,v1.5.2,2026-09-11T22:24:26Z,labview-mcp.sha256,4
2026-10-08T08:56:26Z,v1.5.2,2026-09-11T22:24:26Z,labview-mcp.zip,9
2026-10-08T08:56:26Z,v1.5.1,2026-09-11T22:11:48Z,labview-mcp-v1.5.1.zip,1
2026-10-08T08:56:26Z,v1.5.1,2026-09-11T22:11:48Z,labview-mcp.manifest.sha256,1
2026-10-08T08:56:26Z,v1.5.1,2026-09-11T22:11:48Z,labview-mcp.sha256,1
2026-10-08T08:56:26Z,v1.5.1,2026-09-11T22:11:48Z,labview-mcp.zip,1
2026-10-08T08:56:26Z,v1.5.0,2026-09-11T22:00:20Z,labview-mcp-v1.5.0.zip,1
2026-10-08T08:56:26Z,v1.5.0,2026-09-11T22:00:20Z,labview-mcp.manifest.sha256,3
2026-10-08T08:56:26Z,v1.5.0,2026-09-11T22:00:20Z,labview-mcp.sha256,3
2026-10-08T08:56:26Z,v1.5.0,2026-09-11T22:00:20Z,labview-mcp.zip,3
2026-10-08T08:56:26Z,v1.4.1,2026-09-11T21:13:28Z,labview-mcp-v1.4.1.zip,1
2026-10-08T08:56:26Z,v1.4.1,2026-09-11T21:13:28Z,labview-mcp.manifest.sha256,3
2026-10-08T08:56:26Z,v1.4.1,2026-09-11T21:13:28Z,labview-mcp.sha256,2
2026-10-08T08:56:26Z,v1.4.1,2026-09-11T21:13:28Z,labview-mcp.zip,3
2026-10-08T08:56:26Z,v1.4.0,2026-09-11T13:48:38Z,labview-mcp-v1.4.0.zip,6
2026-10-08T08:56:26Z,v1.4.0,2026-09-11T13:48:38Z,labview-mcp.manifest.sha256,1
2026-10-08T08:56:26Z,v1.4.0,2026-09-11T13:48:38Z,labview-mcp.sha256,3
2026-10-08T08:56:26Z,v1.4.0,2026-09-11T13:48:38Z,labview-mcp.zip,4
2026-10-08T08:56:26Z,v1.3.0,2026-09-11T09:39:39Z,labview-mcp.zip,10
2026-10-08T08:56:26Z,V1.2.8,2026-09-11T08:03:47Z,labview-mcp.zip,2
2026-10-08T08:56:26Z,V1.2.5,2026-09-10T13:11:53Z,labview-mcp.zip,12
2026-10-08T08:56:26Z,V1.2.2,2026-09-10T06:12:50Z,labview-mcp.zip,3
2026-10-08T08:56:26Z,V1.2.0,2026-09-08T15:06:45Z,labview-mcp.zip,34
2026-10-08T08:56:26Z,V1.1.5,2026-09-07T11:02:20Z,labview-mcp.zip,16
2026-10-08T08:56:26Z,v1.1.1,2026-09-04T14:10:53Z,labview-mcp.zip,28
2026-10-08T08:56:26Z,v1.1.0,2026-09-04T09:40:08Z,labview-mcp.zip,4
2026-10-08T08:56:26Z,v1.0.7,2026-09-03T12:48:12Z,labview-mcp.zip,4
2026-10-08T08:56:26Z,v1.0.6,2026-09-02T08:22:35Z,labview-mcp.zip,10
2026-10-08T08:56:26Z,v1.0.3,2026-08-31T16:11:27Z,labview-mcp.zip,9
2026-10-08T08:56:26Z,v1.0.2,2026-08-31T11:13:20Z,labview-mcp.zip,2
2026-10-08T08:56:26Z,v1.0.0,2026-08-30T13:07:08Z,labview-mcp.zip,3
2026-10-08T08:56:26Z,v0.10.0,2026-08-29T21:00:15Z,labview-mcp.zip,2
2026-10-08T08:56:26Z,v0.9.9,2026-08-29T11:23:45Z,labview-mcp.zip,1
2026-10-08T08:56:26Z,v0.9.8,2026-08-28T19:37:23Z,labview-mcp.zip,3
2026-10-08T08:56:26Z,v0.9.7,2026-08-28T13:55:13Z,labview-mcp.zip,0
2026-10-08T08:56:26Z,v0.9.5,2026-08-27T11:12:02Z,labview-mcp.zip,3
2026-10-08T08:56:26Z,v0.9.2,2026-08-25T19:51:38Z,labview-mcp.zip,8
2026-10-08T08:56:26Z,v0.9.0,2026-08-24T15:23:32Z,labview-mcp.zip,5
2026-10-08T08:56:26Z,v0.8.7,2026-08-14T20:16:50Z,labview-mcp.zip,42
2026-10-08T08:56:26Z,v0.8.6,2026-08-14T20:08:18Z,labview-mcp.zip,1
2026-10-08T08:56:26Z,V0.8.5,2026-08-14T10:17:28Z,LabVIEWMCP_V0.8.5.zip,4
2026-10-08T08:56:26Z,v0.8.0,2026-08-13T13:25:09Z,labview-mcp.zip,6
2026-10-08T08:56:26Z,V0.7.8,2026-08-13T08:31:04Z,LabVIEWMCP_V0.7.8.zip,0
2026-10-08T08:56:26Z,V0.7.0,2026-08-13T06:10:44Z,LabVIEWMCP_V0.7.0.zip,0
2026-10-09T08:56:11Z,v1.9.5,2026-10-06T18:39:19Z,labview-mcp-v1.9.5.zip,13
2026-10-09T08:56:11Z,v1.9.5,2026-10-06T18:39:19Z,labview-mcp.manifest.sha256,6
2026-10-09T08:56:11Z,v1.9.5,2026-10-06T18:39:19Z,labview-mcp.sha256,11
2026-10-09T08:56:11Z,v1.9.5,2026-10-06T18:39:19Z,labview-mcp.zip,36
2026-10-09T08:56:11Z,v1.9.3,2026-10-05T20:00:00Z,labview-mcp-v1.9.3.zip,6
2026-10-09T08:56:11Z,v1.9.3,2026-10-05T20:00:00Z,labview-mcp.manifest.sha256,2
2026-10-09T08:56:11Z,v1.9.3,2026-10-05T20:00:00Z,labview-mcp.sha256,5
2026-10-09T08:56:11Z,v1.9.3,2026-10-05T20:00:00Z,labview-mcp.zip,24
2026-10-09T08:56:11Z,v1.9.1,2026-10-03T09:06:03Z,labview-mcp-v1.9.1.zip,8
2026-10-09T08:56:11Z,v1.9.1,2026-10-03T09:06:03Z,labview-mcp.manifest.sha256,3
2026-10-09T08:56:11Z,v1.9.1,2026-10-03T09:06:03Z,labview-mcp.sha256,12
2026-10-09T08:56:11Z,v1.9.1,2026-10-03T09:06:03Z,labview-mcp.zip,37
2026-10-09T08:56:11Z,v1.9.0,2026-10-02T11:47:00Z,labview-mcp-v1.9.0.zip,3
2026-10-09T08:56:11Z,v1.9.0,2026-10-02T11:47:00Z,labview-mcp.manifest.sha256,2
2026-10-09T08:56:11Z,v1.9.0,2026-10-02T11:47:00Z,labview-mcp.sha256,3
2026-10-09T08:56:11Z,v1.9.0,2026-10-02T11:47:00Z,labview-mcp.zip,12
2026-10-09T08:56:11Z,v1.8.8,2026-10-01T08:23:08Z,labview-mcp-v1.8.8.zip,15
2026-10-09T08:56:11Z,v1.8.8,2026-10-01T08:23:08Z,labview-mcp.manifest.sha256,5
2026-10-09T08:56:11Z,v1.8.8,2026-10-01T08:23:08Z,labview-mcp.sha256,7
2026-10-09T08:56:11Z,v1.8.8,2026-10-01T08:23:08Z,labview-mcp.zip,37
2026-10-09T08:56:11Z,v1.8.7,2026-09-30T18:37:48Z,labview-mcp-v1.8.7.zip,3
2026-10-09T08:56:11Z,v1.8.7,2026-09-30T18:37:48Z,labview-mcp.manifest.sha256,2
2026-10-09T08:56:11Z,v1.8.7,2026-09-30T18:37:48Z,labview-mcp.sha256,3
2026-10-09T08:56:11Z,v1.8.7,2026-09-30T18:37:48Z,labview-mcp.zip,8
2026-10-09T08:56:11Z,v1.8.6,2026-09-29T19:50:52Z,labview-mcp-v1.8.6.zip,12
2026-10-09T08:56:11Z,v1.8.6,2026-09-29T19:50:52Z,labview-mcp.manifest.sha256,4
2026-10-09T08:56:11Z,v1.8.6,2026-09-29T19:50:52Z,labview-mcp.sha256,7
2026-10-09T08:56:11Z,v1.8.6,2026-09-29T19:50:52Z,labview-mcp.zip,32
2026-10-09T08:56:11Z,v1.8.5,2026-09-28T05:53:26Z,labview-mcp-v1.8.5.zip,16
2026-10-09T08:56:11Z,v1.8.5,2026-09-28T05:53:26Z,labview-mcp.manifest.sha256,5
2026-10-09T08:56:11Z,v1.8.5,2026-09-28T05:53:26Z,labview-mcp.sha256,13
2026-10-09T08:56:11Z,v1.8.5,2026-09-28T05:53:26Z,labview-mcp.zip,46
2026-10-09T08:56:11Z,v1.8.4,2026-09-27T08:44:07Z,labview-mcp-v1.8.4.zip,6
2026-10-09T08:56:11Z,v1.8.4,2026-09-27T08:44:07Z,labview-mcp.manifest.sha256,1
2026-10-09T08:56:11Z,v1.8.4,2026-09-27T08:44:07Z,labview-mcp.sha256,2
2026-10-09T08:56:11Z,v1.8.4,2026-09-27T08:44:07Z,labview-mcp.zip,8
2026-10-09T08:56:11Z,v1.8.0,2026-09-25T14:47:11Z,labview-mcp-v1.8.0.zip,2
2026-10-09T08:56:11Z,v1.8.0,2026-09-25T14:47:11Z,labview-mcp.manifest.sha256,3
2026-10-09T08:56:11Z,v1.8.0,2026-09-25T14:47:11Z,labview-mcp.sha256,3
2026-10-09T08:56:11Z,v1.8.0,2026-09-25T14:47:11Z,labview-mcp.zip,17
2026-10-09T08:56:11Z,v1.7.2,2026-09-18T15:25:00Z,labview-mcp-v1.7.2.zip,39
2026-10-09T08:56:11Z,v1.7.2,2026-09-18T15:25:00Z,labview-mcp.manifest.sha256,10
2026-10-09T08:56:11Z,v1.7.2,2026-09-18T15:25:00Z,labview-mcp.sha256,23
2026-10-09T08:56:11Z,v1.7.2,2026-09-18T15:25:00Z,labview-mcp.zip,81
2026-10-09T08:56:11Z,v1.7.0,2026-09-17T15:29:26Z,labview-mcp-v1.7.0.zip,5
2026-10-09T08:56:11Z,v1.7.0,2026-09-17T15:29:26Z,labview-mcp.manifest.sha256,3
2026-10-09T08:56:11Z,v1.7.0,2026-09-17T15:29:26Z,labview-mcp.sha256,6
2026-10-09T08:56:11Z,v1.7.0,2026-09-17T15:29:26Z,labview-mcp.zip,10
2026-10-09T08:56:11Z,v1.6.9,2026-09-17T09:17:44Z,labview-mcp-v1.6.9.zip,3
2026-10-09T08:56:11Z,v1.6.9,2026-09-17T09:17:44Z,labview-mcp.manifest.sha256,1
2026-10-09T08:56:11Z,v1.6.9,2026-09-17T09:17:44Z,labview-mcp.sha256,1
2026-10-09T08:56:11Z,v1.6.9,2026-09-17T09:17:44Z,labview-mcp.zip,2
2026-10-09T08:56:11Z,v1.6.8,2026-09-17T07:05:25Z,labview-mcp-v1.6.8.zip,1
2026-10-09T08:56:11Z,v1.6.8,2026-09-17T07:05:25Z,labview-mcp.manifest.sha256,3
2026-10-09T08:56:11Z,v1.6.8,2026-09-17T07:05:25Z,labview-mcp.sha256,5
2026-10-09T08:56:11Z,v1.6.8,2026-09-17T07:05:25Z,labview-mcp.zip,5
2026-10-09T08:56:11Z,v1.6.5,2026-09-16T20:03:33Z,labview-mcp-v1.6.5.zip,4
2026-10-09T08:56:11Z,v1.6.5,2026-09-16T20:03:33Z,labview-mcp.manifest.sha256,2
2026-10-09T08:56:11Z,v1.6.5,2026-09-16T20:03:33Z,labview-mcp.sha256,5
2026-10-09T08:56:11Z,v1.6.5,2026-09-16T20:03:33Z,labview-mcp.zip,6
2026-10-09T08:56:11Z,v1.6.2,2026-09-15T18:19:58Z,labview-mcp-v1.6.2.zip,9
2026-10-09T08:56:11Z,v1.6.2,2026-09-15T18:19:58Z,labview-mcp.manifest.sha256,5
2026-10-09T08:56:11Z,v1.6.2,2026-09-15T18:19:58Z,labview-mcp.sha256,9
2026-10-09T08:56:11Z,v1.6.2,2026-09-15T18:19:58Z,labview-mcp.zip,24
2026-10-09T08:56:11Z,v1.6.0,2026-09-15T10:00:23Z,labview-mcp-v1.6.0.zip,3
2026-10-09T08:56:11Z,v1.6.0,2026-09-15T10:00:23Z,labview-mcp.manifest.sha256,2
2026-10-09T08:56:11Z,v1.6.0,2026-09-15T10:00:23Z,labview-mcp.sha256,3
2026-10-09T08:56:11Z,v1.6.0,2026-09-15T10:00:23Z,labview-mcp.zip,5
2026-10-09T08:56:11Z,v1.5.5,2026-09-13T10:20:27Z,labview-mcp-v1.5.5.zip,5
2026-10-09T08:56:11Z,v1.5.5,2026-09-13T10:20:27Z,labview-mcp.manifest.sha256,5
2026-10-09T08:56:11Z,v1.5.5,2026-09-13T10:20:27Z,labview-mcp.sha256,8
2026-10-09T08:56:11Z,v1.5.5,2026-09-13T10:20:27Z,labview-mcp.zip,27
2026-10-09T08:56:11Z,v1.5.5,2026-09-13T10:20:27Z,labview-mcp_manual_install.zip,4
2026-10-09T08:56:11Z,v1.5.2,2026-09-11T22:24:26Z,labview-mcp-v1.5.2.zip,2
2026-10-09T08:56:11Z,v1.5.2,2026-09-11T22:24:26Z,labview-mcp.manifest.sha256,4
2026-10-09T08:56:11Z,v1.5.2,2026-09-11T22:24:26Z,labview-mcp.sha256,4
2026-10-09T08:56:11Z,v1.5.2,2026-09-11T22:24:26Z,labview-mcp.zip,9
2026-10-09T08:56:11Z,v1.5.1,2026-09-11T22:11:48Z,labview-mcp-v1.5.1.zip,1
2026-10-09T08:56:11Z,v1.5.1,2026-09-11T22:11:48Z,labview-mcp.manifest.sha256,1
2026-10-09T08:56:11Z,v1.5.1,2026-09-11T22:11:48Z,labview-mcp.sha256,1
2026-10-09T08:56:11Z,v1.5.1,2026-09-11T22:11:48Z,labview-mcp.zip,1
2026-10-09T08:56:11Z,v1.5.0,2026-09-11T22:00:20Z,labview-mcp-v1.5.0.zip,1
2026-10-09T08:56:11Z,v1.5.0,2026-09-11T22:00:20Z,labview-mcp.manifest.sha256,3
2026-10-09T08:56:11Z,v1.5.0,2026-09-11T22:00:20Z,labview-mcp.sha256,3
2026-10-09T08:56:11Z,v1.5.0,2026-09-11T22:00:20Z,labview-mcp.zip,3
2026-10-09T08:56:11Z,v1.4.1,2026-09-11T21:13:28Z,labview-mcp-v1.4.1.zip,1
2026-10-09T08:56:11Z,v1.4.1,2026-09-11T21:13:28Z,labview-mcp.manifest.sha256,3
2026-10-09T08:56:11Z,v1.4.1,2026-09-11T21:13:28Z,labview-mcp.sha256,2
2026-10-09T08:56:11Z,v1.4.1,2026-09-11T21:13:28Z,labview-mcp.zip,3
2026-10-09T08:56:11Z,v1.4.0,2026-09-11T13:48:38Z,labview-mcp-v1.4.0.zip,6
2026-10-09T08:56:11Z,v1.4.0,2026-09-11T13:48:38Z,labview-mcp.manifest.sha256,1
2026-10-09T08:56:11Z,v1.4.0,2026-09-11T13:48:38Z,labview-mcp.sha256,3
2026-10-09T08:56:11Z,v1.4.0,2026-09-11T13:48:38Z,labview-mcp.zip,4
2026-10-09T08:56:11Z,v1.3.0,2026-09-11T09:39:39Z,labview-mcp.zip,10
2026-10-09T08:56:11Z,V1.2.8,2026-09-11T08:03:47Z,labview-mcp.zip,2
2026-10-09T08:56:11Z,V1.2.5,2026-09-10T13:11:53Z,labview-mcp.zip,12
2026-10-09T08:56:11Z,V1.2.2,2026-09-10T06:12:50Z,labview-mcp.zip,3
2026-10-09T08:56:11Z,V1.2.0,2026-09-08T15:06:45Z,labview-mcp.zip,34
2026-10-09T08:56:11Z,V1.1.5,2026-09-07T11:02:20Z,labview-mcp.zip,16
2026-10-09T08:56:11Z,v1.1.1,2026-09-04T14:10:53Z,labview-mcp.zip,28
2026-10-09T08:56:11Z,v1.1.0,2026-09-04T09:40:08Z,labview-mcp.zip,4
2026-10-09T08:56:11Z,v1.0.7,2026-09-03T12:48:12Z,labview-mcp.zip,4
2026-10-09T08:56:11Z,v1.0.6,2026-09-02T08:22:35Z,labview-mcp.zip,10
2026-10-09T08:56:11Z,v1.0.3,2026-08-31T16:11:27Z,labview-mcp.zip,9
2026-10-09T08:56:11Z,v1.0.2,2026-08-31T11:13:20Z,labview-mcp.zip,2
2026-10-09T08:56:11Z,v1.0.0,2026-08-30T13:07:08Z,labview-mcp.zip,3
2026-10-09T08:56:11Z,v0.10.0,2026-08-29T21:00:15Z,labview-mcp.zip,2
2026-10-09T08:56:11Z,v0.9.9,2026-08-29T11:23:45Z,labview-mcp.zip,1
2026-10-09T08:56:11Z,v0.9.8,2026-08-28T19:37:23Z,labview-mcp.zip,3
2026-10-09T08:56:11Z,v0.9.7,2026-08-28T13:55:13Z,labview-mcp.zip,0
2026-10-09T08:56:11Z,v0.9.5,2026-08-27T11:12:02Z,labview-mcp.zip,3
2026-10-09T08:56:11Z,v0.9.2,2026-08-25T19:51:38Z,labview-mcp.zip,8
2026-10-09T08:56:11Z,v0.9.0,2026-08-24T15:23:32Z,labview-mcp.zip,5
2026-10-09T08:56:11Z,v0.8.7,2026-08-14T20:16:50Z,labview-mcp.zip,42
2026-10-09T08:56:11Z,v0.8.6,2026-08-14T20:08:18Z,labview-mcp.zip,1
2026-10-09T08:56:11Z,V0.8.5,2026-08-14T10:17:28Z,LabVIEWMCP_V0.8.5.zip,4
2026-10-09T08:56:11Z,v0.8.0,2026-08-13T13:25:09Z,labview-mcp.zip,6
2026-10-09T08:56:11Z,V0.7.8,2026-08-13T08:31:04Z,LabVIEWMCP_V0.7.8.zip,0
2026-10-09T08:56:11Z,V0.7.0,2026-08-13T06:10:44Z,LabVIEWMCP_V0.7.0.zip,0
