qualified name	exported	connector pane terminals
LV AI gRPC Service.lvlibp:lvai_ProjectItemUpdateType.ctl	yes	
LV AI gRPC Service.lvlibp:lvai_DiscussFileType.ctl	yes	
LV AI Core.lvlibp:Nigel feature.ctl	yes	
LV AI Core.lvlibp:Is Nigel sharing enabled.vi	yes	enabled?
LV AI Core.lvlibp:Has License To Enable Nigel.vi	yes	Has License To Enable Nigel
LV AI Core.lvlibp:Is Nigel enabled.vi	yes	enabled?
LV AI Core.lvlibp:Are Nigel features enabled.vi	yes	enabled?
LV AI Core.lvlibp:Code suggestion.ctl	yes	
LV AI Core.lvlibp:Code suggestion debug cache.vi	yes	suggestion found? | suggestions | canned response | operation | terminal ref in
LV AI Core.lvlibp:Front panel info.ctl	yes	
LV AI Core.lvlibp:VI Info.ctl	yes	
LV AI Core.lvlibp:Generate code suggestions request.vi	yes	error out | request | error in (no error) | vi info
LV AI Core.lvlibp:Generate VI BD image.vi	yes	error out | png (base64-encoded) | png | vi ref out | error in | vi ref in
LV AI Core.lvlibp:Get code suggestions (python).vi	yes	error out | suggestions | error in (no error) | vi name | request
LV AI Core.lvlibp:Get front panel info.vi	yes	error out | front panel info | dup vi ref | error in | vi ref
LV AI Core.lvlibp:Get gRPC server context.vi	yes	in server context? | server context
LV AI Core.lvlibp:Get list of comments.vi	yes	vi | error in (no error) | List of comments | error out
LV AI Core.lvlibp:Get object unique type name.vi	yes	error out | unique type name | error in (no error) | object
LV AI Core.lvlibp:DAQmx Scale info.ctl	yes	
LV AI Core.lvlibp:DAQmx Trigger info.ctl	yes	
LV AI Core.lvlibp:DAQmx Channel info.ctl	yes	
LV AI Core.lvlibp:DAQmx Task info.ctl	yes	
LV AI Core.lvlibp:Target clock item.ctl	yes	
LV AI Core.lvlibp:Target IO item.ctl	yes	
LV AI Core.lvlibp:Target item info.ctl	yes	
LV AI Core.lvlibp:Variable info.ctl	yes	
LV AI Core.lvlibp:Library item info.ctl	yes	
LV AI Core.lvlibp:Library Info.ctl	yes	
LV AI Core.lvlibp:Class info.ctl	yes	
LV AI Core.lvlibp:Build Spec Info.ctl	yes	
LV AI Core.lvlibp:Target Info.ctl	yes	
LV AI Core.lvlibp:Project Info.ctl	yes	
LV AI Core.lvlibp:Is Nigel feature enabled.vi	yes	enabled? | Nigel feature
LV AI Core.lvlibp:Get project info.vi	yes	error out | project info | error in | project name | project path
LV AI Core.lvlibp:Log CEIP Data.vi	yes	error out | error in | json string
LV AI Core.lvlibp:Log front panel cleanup CEIP data.vi	yes	error out | error in | data
LV AI Core.lvlibp:Are objects grouped or locked.vi	yes	grouped or locked | vi ref
LV AI Core.lvlibp:Is VI eligible for panel cleanup.vi	yes	eligible | user VI ref
LV AI Core.lvlibp:Get supported LabVIEW version.vi	yes	error out | bitness | version | error in (no error)
LV AI Core.lvlibp:Launch Nigel Chat.vi	yes	error out | error in (no error)
LV AI Core.lvlibp:Open VI in best context.vi	yes	error out | vi ref | error in | vi name | vi path
LV AI Core.lvlibp:Palette item info.ctl	yes	
LV AI Core.lvlibp:Run from PPL or loose VI.vi	yes	error out | error in (no error) | PPL path | loose path
LV AI Core.lvlibp:Set code completion lock.vi	yes	error out | vi ref out | error in (no error) | set lock? | vi ref in
LV AI Core.lvlibp:Undo and erase transaction.vi	yes	error out | vi ref out | error in (no error) | vi ref in
LV AI Core.lvlibp:Usage info.ctl	yes	
LV AI Core.lvlibp:Validate XML.vi	yes	XML out | XML in
LV AI Core.lvlibp:Apply code changes.vi	yes	error out | conversion messages | error in (no error) | vi ref | changes (UTF-8 encoded XML)
LV AI Core.lvlibp:Cleanup description.vi	yes	description out | description in
LV AI Core.lvlibp:VI generator.vi	yes	error out | conversion messages | vi ref | error in (no error) | show diagram? | app ref | XML (UTF-8 encoded)
LV AI Core.lvlibp:XML generator.vi	yes	error out | terminal wire name | conversion messages | XML (UTF-8 encoded) | error in (no error) | terminal | vi
LV AI Core.lvlibp:VI Info Cache.lvlib:Cache entry.ctl	yes	
LV AI Core.lvlibp:VI Info Cache.lvlib:GenerationFlags.ctl	yes	
LV AI Core.lvlibp:VI Info Cache.lvlib:Retrieve Entry By Guid.vi	yes	error out | warnings | item found | entry out | error in | GenerationFlags | guid
LV AI Core.lvlibp:Get VI info.vi	yes	error out | warnings out | vi info | generate nodes info | terminal | error in (no error) | warnings in | vi name in | vi path in
LV AI Core.lvlibp:VI Info Cache.lvlib:Retrieve Path Item From Cache.vi	yes	error out | warnings | guid | entry out | Tags | isInstance | error in (no error) | Inline | GenerationFlags | Path
LV AI Core.lvlibp:Generate example search content.vi	yes	jsonl string | include ads?
LV AI Core.lvlibp:Front panel operations.ctl	yes	
LV AI Core.lvlibp:Arrange front panel.vi	yes	error out | dup vi ref | error in | front panel operations | vi ref
LV AI Core.lvlibp:Get cached palette search info.vi	yes	palette metadata | warnings
LV AI Core.lvlibp:PaletteItemSearch.ctl	yes	
LV AI Core.lvlibp:VI Info Cache.lvlib:CloseCache.vi	yes	
LV AI Core.lvlibp:VI Info Cache.lvlib:InitializeCache.vi	yes	warnings
LV AI Core.lvlibp:VI Info Cache.lvlib:SearchInfoCache.vi	yes	error out | guids | Entries | Offset | Limit | Case Sensitive | error in (no error) | GenerationFlags | tag Filters | search terms
LV AI Core.lvlibp:VI Info Cache.lvlib:Validate cache.vi	yes	warnings | missing items | length | index | GenerationFlags
LV AI gRPC Service.lvlibp:LVAI.lvclass:Server Internal Message.ctl	yes	
LV AI gRPC Service.lvlibp:LVAI.lvclass:Server Internal UEs.ctl	yes	
LV AI gRPC Service.lvlibp:LVAI.lvclass:Server gRPC UEs.ctl	yes	
LV AI gRPC Service.lvlibp:LVAI.lvclass:LVAI.ctl	yes	
LV AI gRPC Service.lvlibp:Run Service.vi	yes	
LV AI gRPC Service.lvlibp:lvai_ApplyAIXMLToVIRequest.ctl	yes	
LV AI gRPC Service.lvlibp:Get lvai_ApplyAIXMLToVIRequest.vi	yes	error out | package_templatemessage | gRPCid out | error in (no error) | gRPCid
LV AI gRPC Service.lvlibp:LVAI.lvclass:Get LVAI ApplyAIXMLToVI Request.vi	yes	error out | Message Data | gRPCid out | error in (no error) | gRPCid
LV AI gRPC Service.lvlibp:lvai_ApplyAIXMLToVIResponse.ctl	yes	
LV AI gRPC Service.lvlibp:Set lvai_ApplyAIXMLToVIResponse.vi	yes	error out | Complete Call (T) | error in (no error) | package_templatemessage | gRPCid
LV AI gRPC Service.lvlibp:LVAI.lvclass:Set LVAI ApplyAIXMLToVI Response.vi	yes	error out | Streaming? (F) | error in (no error) | Message Data | gRPCid in
LV AI gRPC Service.lvlibp:gRPC Implementations.lvlib:ApplyAIXMLToVI.vi	yes	gRPCid
LV AI gRPC Service.lvlibp:lvai_BuildFromBuildSpecificationResponse.ctl	yes	
LV AI gRPC Service.lvlibp:lvai_BuildFromBuildSpecificationRequest.ctl	yes	
LV AI gRPC Service.lvlibp:Get lvai_BuildFromBuildSpecificationRequest.vi	yes	error out | package_templatemessage | gRPCid out | error in (no error) | gRPCid
LV AI gRPC Service.lvlibp:LVAI.lvclass:Get LVAI BuildFromBuildSpecification Request.vi	yes	error out | Message Data | gRPCid out | error in (no error) | gRPCid
LV AI gRPC Service.lvlibp:Set lvai_BuildFromBuildSpecificationResponse.vi	yes	error out | Complete Call (T) | error in (no error) | package_templatemessage | gRPCid
LV AI gRPC Service.lvlibp:LVAI.lvclass:Set LVAI BuildFromBuildSpecification Response.vi	yes	error out | Streaming? (F) | error in (no error) | Message Data | gRPCid in
LV AI gRPC Service.lvlibp:gRPC Implementations.lvlib:BuildFromBuildSpecification.vi	yes	gRPCid
LV AI gRPC Service.lvlibp:gRPC Implementations.lvlib:Operation.ctl	yes	
LV AI gRPC Service.lvlibp:gRPC Implementations.lvlib:CodeCompletion State.vi	yes	
LV AI gRPC Service.lvlibp:gRPC Implementations.lvlib:CancelCodeCompletion.vi	yes	error out | error in (no error) | guid
LV AI gRPC Service.lvlibp:gRPC Implementations.lvlib:CheckCacheTags.vi	yes	poly guids | palette hierachies | tags | palette metadata
LV AI gRPC Service.lvlibp:gRPC Implementations.lvlib:Handle front panel cleanup response.vi	yes	error out | dup front panel operations | error in | front panel operations
LV AI gRPC Service.lvlibp:lvai_MonitorFrontPanelCleanupResponse.ctl	yes	
LV AI gRPC Service.lvlibp:lvai_MonitorFrontPanelCleanupRequest.ctl	yes	
LV AI gRPC Service.lvlibp:gRPC Implementations.lvlib:FrontPanelCleanup State.vi	yes	
LV AI gRPC Service.lvlibp:gRPC Implementations.lvlib:InvokeFrontPanelCleanup.vi	yes	error out | panel after cleanup | error in | panel before cleanup | guid
LV AI gRPC Service.lvlibp:gRPC Implementations.lvlib:CleanupFrontPanel.vi	yes	error out | panel after | vi ref out | cancelled | error in | guid | vi ref in
LV AI gRPC Service.lvlibp:lvai_ConvertAIXMLToVIRequest.ctl	yes	
LV AI gRPC Service.lvlibp:Get lvai_ConvertAIXMLToVIRequest.vi	yes	error out | package_templatemessage | gRPCid out | error in (no error) | gRPCid
LV AI gRPC Service.lvlibp:LVAI.lvclass:Get LVAI ConvertAIXMLToVI Request.vi	yes	error out | Message Data | gRPCid out | error in (no error) | gRPCid
LV AI gRPC Service.lvlibp:lvai_ConvertAIXMLToVIResponse.ctl	yes	
LV AI gRPC Service.lvlibp:Set lvai_ConvertAIXMLToVIResponse.vi	yes	error out | Complete Call (T) | error in (no error) | package_templatemessage | gRPCid
LV AI gRPC Service.lvlibp:LVAI.lvclass:Set LVAI ConvertAIXMLToVI Response.vi	yes	error out | Streaming? (F) | error in (no error) | Message Data | gRPCid in
LV AI gRPC Service.lvlibp:gRPC Implementations.lvlib:ConvertAIXMLToVI.vi	yes	gRPCid
LV AI gRPC Service.lvlibp:lvai_ConvertVIToAIXMLRequest.ctl	yes	
LV AI gRPC Service.lvlibp:Get lvai_ConvertVIToAIXMLRequest.vi	yes	error out | package_templatemessage | gRPCid out | error in (no error) | gRPCid
LV AI gRPC Service.lvlibp:LVAI.lvclass:Get LVAI ConvertVIToAIXML Request.vi	yes	error out | Message Data | gRPCid out | error in (no error) | gRPCid
LV AI gRPC Service.lvlibp:lvai_ConvertVIToAIXMLResponse.ctl	yes	
LV AI gRPC Service.lvlibp:Set lvai_ConvertVIToAIXMLResponse.vi	yes	error out | Complete Call (T) | error in (no error) | package_templatemessage | gRPCid
LV AI gRPC Service.lvlibp:LVAI.lvclass:Set LVAI ConvertVIToAIXML Response.vi	yes	error out | Streaming? (F) | error in (no error) | Message Data | gRPCid in
LV AI gRPC Service.lvlibp:gRPC Implementations.lvlib:ConvertVIToAIXML.vi	yes	gRPCid
LV AI gRPC Service.lvlibp:lvai_InfoCacheResponse.ctl	yes	
LV AI gRPC Service.lvlibp:lvai_LookupInfoCacheItemsRequest.ctl	yes	
LV AI gRPC Service.lvlibp:Get lvai_LookupInfoCacheItemsRequest.vi	yes	error out | package_templatemessage | gRPCid out | error in (no error) | gRPCid
LV AI gRPC Service.lvlibp:LVAI.lvclass:Get LVAI LookupInfoCacheItems Request.vi	yes	error out | Message Data | gRPCid out | error in (no error) | gRPCid
LV AI gRPC Service.lvlibp:Set lvai_InfoCacheResponse.vi	yes	error out | Complete Call (T) | error in (no error) | package_templatemessage | gRPCid
LV AI gRPC Service.lvlibp:LVAI.lvclass:Set LVAI LookupInfoCacheItems Response.vi	yes	error out | Streaming? (F) | error in (no error) | Message Data | gRPCid in
LV AI gRPC Service.lvlibp:gRPC Implementations.lvlib:DoLookupInfoCache.vi	yes	gRPCid
LV AI gRPC Service.lvlibp:lvai_SearchInfoCacheRequest.ctl	yes	
LV AI gRPC Service.lvlibp:Get lvai_SearchInfoCacheRequest.vi	yes	error out | package_templatemessage | gRPCid out | error in (no error) | gRPCid
LV AI gRPC Service.lvlibp:LVAI.lvclass:Get LVAI SearchInfoCache Request.vi	yes	error out | Message Data | gRPCid out | error in (no error) | gRPCid
LV AI gRPC Service.lvlibp:LVAI.lvclass:Set LVAI SearchInfoCache Response.vi	yes	error out | Streaming? (F) | error in (no error) | Message Data | gRPCid in
LV AI gRPC Service.lvlibp:gRPC Implementations.lvlib:DoSearchInfoCache.vi	yes	gRPCid
LV AI gRPC Service.lvlibp:lvai_DropPaletteItemResponse.ctl	yes	
LV AI gRPC Service.lvlibp:lvai_DropPaletteItemRequest.ctl	yes	
LV AI gRPC Service.lvlibp:Get lvai_DropPaletteItemRequest.vi	yes	error out | package_templatemessage | gRPCid out | error in (no error) | gRPCid
LV AI gRPC Service.lvlibp:LVAI.lvclass:Get LVAI DropPaletteItem Request.vi	yes	error out | Message Data | gRPCid out | error in (no error) | gRPCid
LV AI gRPC Service.lvlibp:Set lvai_DropPaletteItemResponse.vi	yes	error out | Complete Call (T) | error in (no error) | package_templatemessage | gRPCid
LV AI gRPC Service.lvlibp:LVAI.lvclass:Set LVAI DropPaletteItem Response.vi	yes	error out | Streaming? (F) | error in (no error) | Message Data | gRPCid in
LV AI gRPC Service.lvlibp:gRPC Implementations.lvlib:DropPaletteItem.vi	yes	gRPCid
LV AI gRPC Service.lvlibp:lvai_ExampleFilterResult.ctl	yes	
LV AI gRPC Service.lvlibp:lvai_FilterExampleSearchCandidatesResponse.ctl	yes	
LV AI gRPC Service.lvlibp:lvai_FilterExampleSearchCandidatesRequest.ctl	yes	
LV AI gRPC Service.lvlibp:Get lvai_FilterExampleSearchCandidatesRequest.vi	yes	error out | package_templatemessage | gRPCid out | error in (no error) | gRPCid
LV AI gRPC Service.lvlibp:LVAI.lvclass:Get LVAI FilterExampleSearchCandidates Request.vi	yes	error out | Message Data | gRPCid out | error in (no error) | gRPCid
LV AI gRPC Service.lvlibp:Set lvai_FilterExampleSearchCandidatesResponse.vi	yes	error out | Complete Call (T) | error in (no error) | package_templatemessage | gRPCid
LV AI gRPC Service.lvlibp:LVAI.lvclass:Set LVAI FilterExampleSearchCandidates Response.vi	yes	error out | Streaming? (F) | error in (no error) | Message Data | gRPCid in
LV AI gRPC Service.lvlibp:gRPC Implementations.lvlib:FilterExampleSearchCandidates.vi	yes	gRPCid
LV AI gRPC Service.lvlibp:lvai_PaletteFilterResult.ctl	yes	
LV AI gRPC Service.lvlibp:lvai_FilterPaletteSearchCandidatesResponse.ctl	yes	
LV AI gRPC Service.lvlibp:Set lvai_FilterPaletteSearchCandidatesResponse.vi	yes	error out | Complete Call (T) | error in (no error) | package_templatemessage | gRPCid
LV AI gRPC Service.lvlibp:LVAI.lvclass:Set LVAI FilterPaletteSearchCandidates Response.vi	yes	error out | Streaming? (F) | error in (no error) | Message Data | gRPCid in
LV AI gRPC Service.lvlibp:lvai_FilterPaletteSearchCandidatesRequest.ctl	yes	
LV AI gRPC Service.lvlibp:Get lvai_FilterPaletteSearchCandidatesRequest.vi	yes	error out | package_templatemessage | gRPCid out | error in (no error) | gRPCid
LV AI gRPC Service.lvlibp:LVAI.lvclass:Get LVAI FilterPaletteSearchCandidates Request.vi	yes	error out | Message Data | gRPCid out | error in (no error) | gRPCid
LV AI gRPC Service.lvlibp:gRPC Implementations.lvlib:FilterPaletteSearchCandidates.vi	yes	gRPCid
LV AI gRPC Service.lvlibp:lvai_FindPaletteItemResponse.ctl	yes	
LV AI gRPC Service.lvlibp:lvai_FindPaletteItemRequest.ctl	yes	
LV AI gRPC Service.lvlibp:Get lvai_FindPaletteItemRequest.vi	yes	error out | package_templatemessage | gRPCid out | error in (no error) | gRPCid
LV AI gRPC Service.lvlibp:LVAI.lvclass:Get LVAI FindPaletteItem Request.vi	yes	error out | Message Data | gRPCid out | error in (no error) | gRPCid
LV AI gRPC Service.lvlibp:Set lvai_FindPaletteItemResponse.vi	yes	error out | Complete Call (T) | error in (no error) | package_templatemessage | gRPCid
LV AI gRPC Service.lvlibp:LVAI.lvclass:Set LVAI FindPaletteItem Response.vi	yes	error out | Streaming? (F) | error in (no error) | Message Data | gRPCid in
LV AI gRPC Service.lvlibp:gRPC Implementations.lvlib:FindPaletteItem.vi	yes	gRPCid
LV AI gRPC Service.lvlibp:lvai_CodeSuggestion.ctl	yes	
LV AI gRPC Service.lvlibp:lvai_MonitorCodeCompletionRequest.ctl	yes	
LV AI gRPC Service.lvlibp:lvai_MonitorCodeCompletionResponse.ctl	yes	
LV AI gRPC Service.lvlibp:gRPC Implementations.lvlib:InvokeCodeCompletion.vi	yes	error out | maximum requests | remaining requests | suggestions | error in (no error) | request | guid
LV AI gRPC Service.lvlibp:gRPC Implementations.lvlib:Get code suggestions.vi	yes	terminal ref in | terminal ref out | guid | suggestions | remaining requests | maximum requests | error in (no error) | error out
LV AI gRPC Service.lvlibp:lvai_GetApplicationConfigurationResponse.ctl	yes	
LV AI gRPC Service.lvlibp:lvai_GetApplicationConfigurationRequest.ctl	yes	
LV AI gRPC Service.lvlibp:Get lvai_GetApplicationConfigurationRequest.vi	yes	error out | package_templatemessage | gRPCid out | error in (no error) | gRPCid
LV AI gRPC Service.lvlibp:LVAI.lvclass:Get LVAI GetApplicationConfiguration Request.vi	yes	error out | Message Data | gRPCid out | error in (no error) | gRPCid
LV AI gRPC Service.lvlibp:Set lvai_GetApplicationConfigurationResponse.vi	yes	error out | Complete Call (T) | error in (no error) | package_templatemessage | gRPCid
LV AI gRPC Service.lvlibp:LVAI.lvclass:Set LVAI GetApplicationConfiguration Response.vi	yes	error out | Streaming? (F) | error in (no error) | Message Data | gRPCid in
LV AI gRPC Service.lvlibp:gRPC Implementations.lvlib:GetApplicationConfiguration.vi	yes	gRPCid
LV AI gRPC Service.lvlibp:lvai_GetDescribeProjectPromptInfoRequest.ctl	yes	
LV AI gRPC Service.lvlibp:Get lvai_GetDescribeProjectPromptInfoRequest.vi	yes	error out | package_templatemessage | gRPCid out | error in (no error) | gRPCid
LV AI gRPC Service.lvlibp:LVAI.lvclass:Get LVAI GetDescribeProjectPromptInfo Request.vi	yes	error out | Message Data | gRPCid out | error in (no error) | gRPCid
LV AI gRPC Service.lvlibp:lvai_GetDescribeProjectPromptInfoResponse.ctl	yes	
LV AI gRPC Service.lvlibp:Set lvai_GetDescribeProjectPromptInfoResponse.vi	yes	error out | Complete Call (T) | error in (no error) | package_templatemessage | gRPCid
LV AI gRPC Service.lvlibp:LVAI.lvclass:Set LVAI GetDescribeProjectPromptInfo Response.vi	yes	error out | Streaming? (F) | error in (no error) | Message Data | gRPCid in
LV AI gRPC Service.lvlibp:gRPC Implementations.lvlib:ProjectInfo.ctl	yes	
LV AI gRPC Service.lvlibp:gRPC Implementations.lvlib:GetDescribeProjectPromptInfo.vi	yes	gRPCid
LV AI gRPC Service.lvlibp:lvai_GetDescribeVIPromptInfoResponse.ctl	yes	
LV AI gRPC Service.lvlibp:Set lvai_GetDescribeVIPromptInfoResponse.vi	yes	error out | Complete Call (T) | error in (no error) | package_templatemessage | gRPCid
LV AI gRPC Service.lvlibp:LVAI.lvclass:Set LVAI GetDescribeVIPromptInfo Response.vi	yes	error out | Streaming? (F) | error in (no error) | Message Data | gRPCid in
LV AI gRPC Service.lvlibp:lvai_GetDescribeVIPromptInfoRequest.ctl	yes	
LV AI gRPC Service.lvlibp:Get lvai_GetDescribeVIPromptInfoRequest.vi	yes	error out | package_templatemessage | gRPCid out | error in (no error) | gRPCid
LV AI gRPC Service.lvlibp:LVAI.lvclass:Get LVAI GetDescribeVIPromptInfo Request.vi	yes	error out | Message Data | gRPCid out | error in (no error) | gRPCid
LV AI gRPC Service.lvlibp:gRPC Implementations.lvlib:VIInfo.ctl	yes	
LV AI gRPC Service.lvlibp:gRPC Implementations.lvlib:GetDescribeVIPromptInfo.vi	yes	gRPCid
LV AI gRPC Service.lvlibp:lvai_MonitorDiscussVIResponse.ctl	yes	
LV AI gRPC Service.lvlibp:lvai_MonitorDiscussVIRequest.ctl	yes	
LV AI gRPC Service.lvlibp:gRPC Implementations.lvlib:DiscussVI State.vi	yes	results | vis to discuss
LV AI gRPC Service.lvlibp:gRPC Implementations.lvlib:InvokeDiscussVI.vi	yes	error message | error code | fileType | vi name | vi path
LV AI gRPC Service.lvlibp:gRPC Implementations.lvlib:ExampleSearch State.vi	yes	
LV AI gRPC Service.lvlibp:lvai_ExampleResult.ctl	yes	
LV AI gRPC Service.lvlibp:lvai_MonitorExampleSearchesRequest.ctl	yes	
LV AI gRPC Service.lvlibp:lvai_MonitorExampleSearchesResponse.ctl	yes	
LV AI gRPC Service.lvlibp:gRPC Implementations.lvlib:SearchNotificationHandler.vi	yes	error out | notifier to wait on | error in (no error) | RequestData | GUID | Start
LV AI gRPC Service.lvlibp:gRPC Implementations.lvlib:Handle search error.vi	yes	retry? | iteration | errorCode
LV AI gRPC Service.lvlibp:gRPC Implementations.lvlib:InvokeExampleSearch.vi	yes	error message | items | guid | search string
LV AI gRPC Service.lvlibp:gRPC Implementations.lvlib:PaletteSearch State.vi	yes	
LV AI gRPC Service.lvlibp:lvai_PaletteResult.ctl	yes	
LV AI gRPC Service.lvlibp:lvai_MonitorPaletteSearchesRequest.ctl	yes	
LV AI gRPC Service.lvlibp:lvai_MonitorPaletteSearchesResponse.ctl	yes	
LV AI gRPC Service.lvlibp:gRPC Implementations.lvlib:InvokePaletteSearch.vi	yes	error message | results | guid | search string
LV AI gRPC Service.lvlibp:lvai_MonitorProjectChangesResponse.ctl	yes	
LV AI gRPC Service.lvlibp:gRPC Implementations.lvlib:ProjectChanges State.vi	yes	project changes
LV AI gRPC Service.lvlibp:gRPC Implementations.lvlib:InvokeProjectChange.vi	yes	update type | item name | item path | project path
LV AI gRPC Service.lvlibp:lvai_LogUsageDataResponse.ctl	yes	
LV AI gRPC Service.lvlibp:lvai_LogUsageDataRequest.ctl	yes	
LV AI gRPC Service.lvlibp:Get lvai_LogUsageDataRequest.vi	yes	error out | package_templatemessage | gRPCid out | error in (no error) | gRPCid
LV AI gRPC Service.lvlibp:LVAI.lvclass:Get LVAI LogUsageData Request.vi	yes	error out | Message Data | gRPCid out | error in (no error) | gRPCid
LV AI gRPC Service.lvlibp:Set lvai_LogUsageDataResponse.vi	yes	error out | Complete Call (T) | error in (no error) | package_templatemessage | gRPCid
LV AI gRPC Service.lvlibp:LVAI.lvclass:Set LVAI LogUsageData Response.vi	yes	error out | Streaming? (F) | error in (no error) | Message Data | gRPCid in
LV AI gRPC Service.lvlibp:gRPC Implementations.lvlib:LogUsageData.vi	yes	gRPCid
LV AI gRPC Service.lvlibp:gRPC Implementations.lvlib:CodeCompletion Initialize State.vi	yes	error out
LV AI gRPC Service.lvlibp:gRPC Implementations.lvlib:MonitorCodeCompletion.vi	yes	gRPCid
LV AI gRPC Service.lvlibp:gRPC Implementations.lvlib:MonitorDiscussVI.vi	yes	gRPCid
LV AI gRPC Service.lvlibp:gRPC Implementations.lvlib:ExampleSearch Initialize State.vi	yes	error out
LV AI gRPC Service.lvlibp:gRPC Implementations.lvlib:MonitorExampleSearches.vi	yes	gRPCid
LV AI gRPC Service.lvlibp:gRPC Implementations.lvlib:FrontPanelCleanup Initialize State.vi	yes	error out
LV AI gRPC Service.lvlibp:gRPC Implementations.lvlib:MonitorFrontPanelCleanup.vi	yes	gRPCid
LV AI gRPC Service.lvlibp:gRPC Implementations.lvlib:PaletteSearch Initialize State.vi	yes	error out
LV AI gRPC Service.lvlibp:gRPC Implementations.lvlib:MonitorPaletteSearches.vi	yes	gRPCid
LV AI gRPC Service.lvlibp:gRPC Implementations.lvlib:MonitorProjectChanges.vi	yes	gRPCid
LV AI gRPC Service.lvlibp:lvai_OpenFileResponse.ctl	yes	
LV AI gRPC Service.lvlibp:lvai_OpenFileRequest.ctl	yes	
LV AI gRPC Service.lvlibp:Get lvai_OpenFileRequest.vi	yes	error out | package_templatemessage | gRPCid out | error in (no error) | gRPCid
LV AI gRPC Service.lvlibp:LVAI.lvclass:Get LVAI OpenFile Request.vi	yes	error out | Message Data | gRPCid out | error in (no error) | gRPCid
LV AI gRPC Service.lvlibp:Set lvai_OpenFileResponse.vi	yes	error out | Complete Call (T) | error in (no error) | package_templatemessage | gRPCid
LV AI gRPC Service.lvlibp:LVAI.lvclass:Set LVAI OpenFile Response.vi	yes	error out | Streaming? (F) | error in (no error) | Message Data | gRPCid in
LV AI gRPC Service.lvlibp:gRPC Implementations.lvlib:OpenFile.vi	yes	gRPCid
LV AI gRPC Service.lvlibp:gRPC Implementations.lvlib:RunService.vi	yes	error out | error in (no error) | server certificate file (.crt) | server key file (.key) | server address
LV AI gRPC Service.lvlibp:lvai_RunVIAsTopLevelResponse_OutputsEntry.ctl	yes	
LV AI gRPC Service.lvlibp:lvai_RunVIAsTopLevelResponse.ctl	yes	
LV AI gRPC Service.lvlibp:lvai_RunVIAsTopLevelRequest_InputsEntry.ctl	yes	
LV AI gRPC Service.lvlibp:lvai_RunVIAsTopLevelRequest.ctl	yes	
LV AI gRPC Service.lvlibp:Get lvai_RunVIAsTopLevelRequest.vi	yes	error out | package_templatemessage | gRPCid out | error in (no error) | gRPCid
LV AI gRPC Service.lvlibp:LVAI.lvclass:Get LVAI RunVIAsTopLevel Request.vi	yes	error out | Message Data | gRPCid out | error in (no error) | gRPCid
LV AI gRPC Service.lvlibp:Set lvai_RunVIAsTopLevelResponse.vi	yes	error out | Complete Call (T) | error in (no error) | package_templatemessage | gRPCid
LV AI gRPC Service.lvlibp:LVAI.lvclass:Set LVAI RunVIAsTopLevel Response.vi	yes	error out | Streaming? (F) | error in (no error) | Message Data | gRPCid in
LV AI gRPC Service.lvlibp:gRPC Implementations.lvlib:RunVIAsTopLevel.vi	yes	gRPCid
LV AI gRPC Service.lvlibp:lvai_ValidateAIXMLRequest.ctl	yes	
LV AI gRPC Service.lvlibp:Get lvai_ValidateAIXMLRequest.vi	yes	error out | package_templatemessage | gRPCid out | error in (no error) | gRPCid
LV AI gRPC Service.lvlibp:LVAI.lvclass:Get LVAI ValidateAIXML Request.vi	yes	error out | Message Data | gRPCid out | error in (no error) | gRPCid
LV AI gRPC Service.lvlibp:lvai_ValidateAIXMLResponse.ctl	yes	
LV AI gRPC Service.lvlibp:Set lvai_ValidateAIXMLResponse.vi	yes	error out | Complete Call (T) | error in (no error) | package_templatemessage | gRPCid
LV AI gRPC Service.lvlibp:LVAI.lvclass:Set LVAI ValidateAIXML Response.vi	yes	error out | Streaming? (F) | error in (no error) | Message Data | gRPCid in
LV AI gRPC Service.lvlibp:gRPC Implementations.lvlib:CodeGeneration Validate Value Is Correctly Escaped.vi	yes	valid? | value
LV AI gRPC Service.lvlibp:gRPC Implementations.lvlib:CodeGeneration Pre-conversion Validation.vi	yes	error out | xml out | error in (no error) | xml in
LV AI gRPC Service.lvlibp:gRPC Implementations.lvlib:ValidateAIXML.vi	yes	gRPCid
LV AI gRPC Service.lvlibp:Set lvai_GetDescribeVIPromptInfoRequest.vi	yes	error out | Complete Call (T) | error in (no error) | package_templatemessage | gRPCid
LV AI gRPC Service.lvlibp:Get lvai_GetDescribeVIPromptInfoResponse.vi	yes	error out | package_templatemessage | gRPCid out | error in (no error) | gRPCid
LV AI gRPC Service.lvlibp:Set lvai_FilterPaletteSearchCandidatesRequest.vi	yes	error out | Complete Call (T) | error in (no error) | package_templatemessage | gRPCid
LV AI gRPC Service.lvlibp:Get lvai_PaletteFilterResult.vi	yes	error out | package_templatemessage | gRPCid out | error in (no error) | gRPCid
LV AI gRPC Service.lvlibp:Set lvai_PaletteFilterResult.vi	yes	error out | Complete Call (T) | error in (no error) | package_templatemessage | gRPCid
LV AI gRPC Service.lvlibp:Get lvai_FilterPaletteSearchCandidatesResponse.vi	yes	error out | package_templatemessage | gRPCid out | error in (no error) | gRPCid
LV AI gRPC Service.lvlibp:Set lvai_FilterExampleSearchCandidatesRequest.vi	yes	error out | Complete Call (T) | error in (no error) | package_templatemessage | gRPCid
LV AI gRPC Service.lvlibp:Get lvai_ExampleFilterResult.vi	yes	error out | package_templatemessage | gRPCid out | error in (no error) | gRPCid
LV AI gRPC Service.lvlibp:Set lvai_ExampleFilterResult.vi	yes	error out | Complete Call (T) | error in (no error) | package_templatemessage | gRPCid
LV AI gRPC Service.lvlibp:Get lvai_FilterExampleSearchCandidatesResponse.vi	yes	error out | package_templatemessage | gRPCid out | error in (no error) | gRPCid
LV AI gRPC Service.lvlibp:Get lvai_MonitorDiscussVIRequest.vi	yes	error out | package_templatemessage | gRPCid out | error in (no error) | gRPCid
LV AI gRPC Service.lvlibp:Set lvai_MonitorDiscussVIRequest.vi	yes	error out | Complete Call (T) | error in (no error) | package_templatemessage | gRPCid
LV AI gRPC Service.lvlibp:Get lvai_MonitorDiscussVIResponse.vi	yes	error out | package_templatemessage | gRPCid out | error in (no error) | gRPCid
LV AI gRPC Service.lvlibp:Set lvai_MonitorDiscussVIResponse.vi	yes	error out | Complete Call (T) | error in (no error) | package_templatemessage | gRPCid
LV AI gRPC Service.lvlibp:Get lvai_PaletteResult.vi	yes	error out | package_templatemessage | gRPCid out | error in (no error) | gRPCid
LV AI gRPC Service.lvlibp:Set lvai_PaletteResult.vi	yes	error out | Complete Call (T) | error in (no error) | package_templatemessage | gRPCid
LV AI gRPC Service.lvlibp:Get lvai_MonitorPaletteSearchesRequest.vi	yes	error out | package_templatemessage | gRPCid out | error in (no error) | gRPCid
LV AI gRPC Service.lvlibp:Set lvai_MonitorPaletteSearchesRequest.vi	yes	error out | Complete Call (T) | error in (no error) | package_templatemessage | gRPCid
LV AI gRPC Service.lvlibp:Get lvai_MonitorPaletteSearchesResponse.vi	yes	error out | package_templatemessage | gRPCid out | error in (no error) | gRPCid
LV AI gRPC Service.lvlibp:Set lvai_MonitorPaletteSearchesResponse.vi	yes	error out | Complete Call (T) | error in (no error) | package_templatemessage | gRPCid
LV AI gRPC Service.lvlibp:Get lvai_ExampleResult.vi	yes	error out | package_templatemessage | gRPCid out | error in (no error) | gRPCid
LV AI gRPC Service.lvlibp:Set lvai_ExampleResult.vi	yes	error out | Complete Call (T) | error in (no error) | package_templatemessage | gRPCid
LV AI gRPC Service.lvlibp:Get lvai_MonitorExampleSearchesRequest.vi	yes	error out | package_templatemessage | gRPCid out | error in (no error) | gRPCid
LV AI gRPC Service.lvlibp:Set lvai_MonitorExampleSearchesRequest.vi	yes	error out | Complete Call (T) | error in (no error) | package_templatemessage | gRPCid
LV AI gRPC Service.lvlibp:Get lvai_MonitorExampleSearchesResponse.vi	yes	error out | package_templatemessage | gRPCid out | error in (no error) | gRPCid
LV AI gRPC Service.lvlibp:Set lvai_MonitorExampleSearchesResponse.vi	yes	error out | Complete Call (T) | error in (no error) | package_templatemessage | gRPCid
LV AI gRPC Service.lvlibp:Get lvai_CodeSuggestion.vi	yes	error out | package_templatemessage | gRPCid out | error in (no error) | gRPCid
LV AI gRPC Service.lvlibp:Set lvai_CodeSuggestion.vi	yes	error out | Complete Call (T) | error in (no error) | package_templatemessage | gRPCid
LV AI gRPC Service.lvlibp:Get lvai_MonitorCodeCompletionRequest.vi	yes	error out | package_templatemessage | gRPCid out | error in (no error) | gRPCid
LV AI gRPC Service.lvlibp:Set lvai_MonitorCodeCompletionRequest.vi	yes	error out | Complete Call (T) | error in (no error) | package_templatemessage | gRPCid
LV AI gRPC Service.lvlibp:Get lvai_MonitorCodeCompletionResponse.vi	yes	error out | package_templatemessage | gRPCid out | error in (no error) | gRPCid
LV AI gRPC Service.lvlibp:Set lvai_MonitorCodeCompletionResponse.vi	yes	error out | Complete Call (T) | error in (no error) | package_templatemessage | gRPCid
LV AI gRPC Service.lvlibp:Set lvai_LogUsageDataRequest.vi	yes	error out | Complete Call (T) | error in (no error) | package_templatemessage | gRPCid
LV AI gRPC Service.lvlibp:Get lvai_LogUsageDataResponse.vi	yes	error out | package_templatemessage | gRPCid out | error in (no error) | gRPCid
LV AI gRPC Service.lvlibp:Set lvai_GetApplicationConfigurationRequest.vi	yes	error out | Complete Call (T) | error in (no error) | package_templatemessage | gRPCid
LV AI gRPC Service.lvlibp:Get lvai_GetApplicationConfigurationResponse.vi	yes	error out | package_templatemessage | gRPCid out | error in (no error) | gRPCid
LV AI gRPC Service.lvlibp:Set lvai_GetDescribeProjectPromptInfoRequest.vi	yes	error out | Complete Call (T) | error in (no error) | package_templatemessage | gRPCid
LV AI gRPC Service.lvlibp:Get lvai_GetDescribeProjectPromptInfoResponse.vi	yes	error out | package_templatemessage | gRPCid out | error in (no error) | gRPCid
LV AI gRPC Service.lvlibp:lvai_MonitorProjectChangesRequest.ctl	yes	
LV AI gRPC Service.lvlibp:Get lvai_MonitorProjectChangesRequest.vi	yes	error out | package_templatemessage | gRPCid out | error in (no error) | gRPCid
LV AI gRPC Service.lvlibp:Set lvai_MonitorProjectChangesRequest.vi	yes	error out | Complete Call (T) | error in (no error) | package_templatemessage | gRPCid
LV AI gRPC Service.lvlibp:Get lvai_MonitorProjectChangesResponse.vi	yes	error out | package_templatemessage | gRPCid out | error in (no error) | gRPCid
LV AI gRPC Service.lvlibp:Set lvai_MonitorProjectChangesResponse.vi	yes	error out | Complete Call (T) | error in (no error) | package_templatemessage | gRPCid
LV AI gRPC Service.lvlibp:Set lvai_OpenFileRequest.vi	yes	error out | Complete Call (T) | error in (no error) | package_templatemessage | gRPCid
LV AI gRPC Service.lvlibp:Get lvai_OpenFileResponse.vi	yes	error out | package_templatemessage | gRPCid out | error in (no error) | gRPCid
LV AI gRPC Service.lvlibp:Set lvai_FindPaletteItemRequest.vi	yes	error out | Complete Call (T) | error in (no error) | package_templatemessage | gRPCid
LV AI gRPC Service.lvlibp:Get lvai_FindPaletteItemResponse.vi	yes	error out | package_templatemessage | gRPCid out | error in (no error) | gRPCid
LV AI gRPC Service.lvlibp:Set lvai_DropPaletteItemRequest.vi	yes	error out | Complete Call (T) | error in (no error) | package_templatemessage | gRPCid
LV AI gRPC Service.lvlibp:Get lvai_DropPaletteItemResponse.vi	yes	error out | package_templatemessage | gRPCid out | error in (no error) | gRPCid
LV AI gRPC Service.lvlibp:Get lvai_MonitorFrontPanelCleanupRequest.vi	yes	error out | package_templatemessage | gRPCid out | error in (no error) | gRPCid
LV AI gRPC Service.lvlibp:Set lvai_MonitorFrontPanelCleanupRequest.vi	yes	error out | Complete Call (T) | error in (no error) | package_templatemessage | gRPCid
LV AI gRPC Service.lvlibp:Get lvai_MonitorFrontPanelCleanupResponse.vi	yes	error out | package_templatemessage | gRPCid out | error in (no error) | gRPCid
LV AI gRPC Service.lvlibp:Set lvai_MonitorFrontPanelCleanupResponse.vi	yes	error out | Complete Call (T) | error in (no error) | package_templatemessage | gRPCid
LV AI gRPC Service.lvlibp:Set lvai_ApplyAIXMLToVIRequest.vi	yes	error out | Complete Call (T) | error in (no error) | package_templatemessage | gRPCid
LV AI gRPC Service.lvlibp:Get lvai_ApplyAIXMLToVIResponse.vi	yes	error out | package_templatemessage | gRPCid out | error in (no error) | gRPCid
LV AI gRPC Service.lvlibp:Set lvai_ConvertVIToAIXMLRequest.vi	yes	error out | Complete Call (T) | error in (no error) | package_templatemessage | gRPCid
LV AI gRPC Service.lvlibp:Get lvai_ConvertVIToAIXMLResponse.vi	yes	error out | package_templatemessage | gRPCid out | error in (no error) | gRPCid
LV AI gRPC Service.lvlibp:Set lvai_ConvertAIXMLToVIRequest.vi	yes	error out | Complete Call (T) | error in (no error) | package_templatemessage | gRPCid
LV AI gRPC Service.lvlibp:Get lvai_ConvertAIXMLToVIResponse.vi	yes	error out | package_templatemessage | gRPCid out | error in (no error) | gRPCid
LV AI gRPC Service.lvlibp:Set lvai_RunVIAsTopLevelRequest.vi	yes	error out | Complete Call (T) | error in (no error) | package_templatemessage | gRPCid
LV AI gRPC Service.lvlibp:Get lvai_RunVIAsTopLevelResponse.vi	yes	error out | package_templatemessage | gRPCid out | error in (no error) | gRPCid
LV AI gRPC Service.lvlibp:Set lvai_ValidateAIXMLRequest.vi	yes	error out | Complete Call (T) | error in (no error) | package_templatemessage | gRPCid
LV AI gRPC Service.lvlibp:Get lvai_ValidateAIXMLResponse.vi	yes	error out | package_templatemessage | gRPCid out | error in (no error) | gRPCid
LV AI gRPC Service.lvlibp:Set lvai_BuildFromBuildSpecificationRequest.vi	yes	error out | Complete Call (T) | error in (no error) | package_templatemessage | gRPCid
LV AI gRPC Service.lvlibp:Get lvai_BuildFromBuildSpecificationResponse.vi	yes	error out | package_templatemessage | gRPCid out | error in (no error) | gRPCid
LV AI gRPC Service.lvlibp:Set lvai_SearchInfoCacheRequest.vi	yes	error out | Complete Call (T) | error in (no error) | package_templatemessage | gRPCid
LV AI gRPC Service.lvlibp:Get lvai_InfoCacheResponse.vi	yes	error out | package_templatemessage | gRPCid out | error in (no error) | gRPCid
LV AI gRPC Service.lvlibp:Set lvai_LookupInfoCacheItemsRequest.vi	yes	error out | Complete Call (T) | error in (no error) | package_templatemessage | gRPCid
LV AI gRPC Service.lvlibp:Get lvai_RunVIAsTopLevelRequest_InputsEntry.vi	yes	error out | package_templatemessage | gRPCid out | error in (no error) | gRPCid
LV AI gRPC Service.lvlibp:Set lvai_RunVIAsTopLevelRequest_InputsEntry.vi	yes	error out | Complete Call (T) | error in (no error) | package_templatemessage | gRPCid
LV AI gRPC Service.lvlibp:Get lvai_RunVIAsTopLevelResponse_OutputsEntry.vi	yes	error out | package_templatemessage | gRPCid out | error in (no error) | gRPCid
LV AI gRPC Service.lvlibp:Set lvai_RunVIAsTopLevelResponse_OutputsEntry.vi	yes	error out | Complete Call (T) | error in (no error) | package_templatemessage | gRPCid
LV AI gRPC Service.lvlibp:Get Value for lvai_ProjectItemUpdateType.vi	yes	error out | value in proto | gRPC ID Out | error in (no error) | value in LV | gRPC ID
LV AI gRPC Service.lvlibp:Get lvai_ProjectItemUpdateType for Value.vi	yes	error out | value in LV | gRPC ID Out | error in (no error) | value in proto | gRPC ID
LV AI gRPC Service.lvlibp:Get lvai_ProjectItemUpdateType.vi	yes	error out | package_template_enum | gRPCid out | error in (no error) | gRPCid
LV AI gRPC Service.lvlibp:Set lvai_ProjectItemUpdateType.vi	yes	error out | Complete Call (T) | error in (no error) | package_template_enum | gRPCid
LV AI gRPC Service.lvlibp:Get Value for lvai_DiscussFileType.vi	yes	error out | value in proto | gRPC ID Out | error in (no error) | value in LV | gRPC ID
LV AI gRPC Service.lvlibp:Get lvai_DiscussFileType for Value.vi	yes	error out | value in LV | gRPC ID Out | error in (no error) | value in proto | gRPC ID
LV AI gRPC Service.lvlibp:Get lvai_DiscussFileType.vi	yes	error out | package_template_enum | gRPCid out | error in (no error) | gRPCid
LV AI gRPC Service.lvlibp:Set lvai_DiscussFileType.vi	yes	error out | Complete Call (T) | error in (no error) | package_template_enum | gRPCid
LV AI gRPC Service.lvlibp:lvai_ProjectItemUpdateType_Flat.ctl	yes	
LV AI gRPC Service.lvlibp:Get Value for lvai_ProjectItemUpdateType_Flat.vi	yes	error out | value in proto | gRPC ID Out | error in (no error) | value in LV | gRPC ID
LV AI gRPC Service.lvlibp:Get lvai_ProjectItemUpdateType_Flat for Value.vi	yes	error out | value in LV | gRPC ID Out | error in (no error) | value in proto | gRPC ID
LV AI gRPC Service.lvlibp:lvai_DiscussFileType_Flat.ctl	yes	
LV AI gRPC Service.lvlibp:Get Value for lvai_DiscussFileType_Flat.vi	yes	error out | value in proto | gRPC ID Out | error in (no error) | value in LV | gRPC ID
LV AI gRPC Service.lvlibp:Get lvai_DiscussFileType_Flat for Value.vi	yes	error out | value in LV | gRPC ID Out | error in (no error) | value in proto | gRPC ID
LV AI gRPC Service.lvlibp:LVAI.lvclass:Server Internal Message UE.ctl	yes	
LV AI gRPC Service.lvlibp:LVAI.lvclass:Write Server RPC Methods.vi	yes	error out | SignalGeneratorService out | error in (no error) | Server RPC Methods | SignalGeneratorService in
LV AI gRPC Service.lvlibp:LVAI.lvclass:Write Server Internal UEs.vi	yes	error out | SignalGeneratorService out | error in (no error) | Server Internal UEs | SignalGeneratorService in
LV AI gRPC Service.lvlibp:LVAI.lvclass:Bind RPC LVAI LookupInfoCacheItems.vi	yes	error out | LVAI LookupInfoCacheItems Internal UE | LVAI LookupInfoCacheItems gRPC UE | gRPCid server out | gRPCid server in
LV AI gRPC Service.lvlibp:LVAI.lvclass:Bind RPC LVAI SearchInfoCache.vi	yes	error out | LVAI SearchInfoCache Internal UE | LVAI SearchInfoCache gRPC UE | gRPCid server out | gRPCid server in
LV AI gRPC Service.lvlibp:LVAI.lvclass:Bind RPC LVAI BuildFromBuildSpecification.vi	yes	error out | LVAI BuildFromBuildSpecification Internal UE | LVAI BuildFromBuildSpecification gRPC UE | gRPCid server out | gRPCid server in
LV AI gRPC Service.lvlibp:LVAI.lvclass:Bind RPC LVAI ValidateAIXML.vi	yes	error out | LVAI ValidateAIXML Internal UE | LVAI ValidateAIXML gRPC UE | gRPCid server out | gRPCid server in
LV AI gRPC Service.lvlibp:LVAI.lvclass:Bind RPC LVAI RunVIAsTopLevel.vi	yes	error out | LVAI RunVIAsTopLevel Internal UE | LVAI RunVIAsTopLevel gRPC UE | gRPCid server out | gRPCid server in
LV AI gRPC Service.lvlibp:LVAI.lvclass:Bind RPC LVAI ConvertVIToAIXML.vi	yes	error out | LVAI ConvertVIToAIXML Internal UE | LVAI ConvertVIToAIXML gRPC UE | gRPCid server out | gRPCid server in
LV AI gRPC Service.lvlibp:LVAI.lvclass:Bind RPC LVAI ConvertAIXMLToVI.vi	yes	error out | LVAI ConvertAIXMLToVI Internal UE | LVAI ConvertAIXMLToVI gRPC UE | gRPCid server out | gRPCid server in
LV AI gRPC Service.lvlibp:LVAI.lvclass:Bind RPC LVAI ApplyAIXMLToVI.vi	yes	error out | LVAI ApplyAIXMLToVI Internal UE | LVAI ApplyAIXMLToVI gRPC UE | gRPCid server out | gRPCid server in
LV AI gRPC Service.lvlibp:LVAI.lvclass:Bind RPC LVAI MonitorFrontPanelCleanup.vi	yes	error out | LVAI MonitorFrontPanelCleanup Internal UE | LVAI MonitorFrontPanelCleanup gRPC UE | gRPCid server out | gRPCid server in
LV AI gRPC Service.lvlibp:LVAI.lvclass:Bind RPC LVAI DropPaletteItem.vi	yes	error out | LVAI DropPaletteItem Internal UE | LVAI DropPaletteItem gRPC UE | gRPCid server out | gRPCid server in
LV AI gRPC Service.lvlibp:LVAI.lvclass:Bind RPC LVAI FindPaletteItem.vi	yes	error out | LVAI FindPaletteItem Internal UE | LVAI FindPaletteItem gRPC UE | gRPCid server out | gRPCid server in
LV AI gRPC Service.lvlibp:LVAI.lvclass:Bind RPC LVAI OpenFile.vi	yes	error out | LVAI OpenFile Internal UE | LVAI OpenFile gRPC UE | gRPCid server out | gRPCid server in
LV AI gRPC Service.lvlibp:LVAI.lvclass:Bind RPC LVAI MonitorProjectChanges.vi	yes	error out | LVAI MonitorProjectChanges Internal UE | LVAI MonitorProjectChanges gRPC UE | gRPCid server out | gRPCid server in
LV AI gRPC Service.lvlibp:LVAI.lvclass:Bind RPC LVAI GetDescribeProjectPromptInfo.vi	yes	error out | LVAI GetDescribeProjectPromptInfo Internal UE | LVAI GetDescribeProjectPromptInfo gRPC UE | gRPCid server out | gRPCid server in
LV AI gRPC Service.lvlibp:LVAI.lvclass:Bind RPC LVAI GetApplicationConfiguration.vi	yes	error out | LVAI GetApplicationConfiguration Internal UE | LVAI GetApplicationConfiguration gRPC UE | gRPCid server out | gRPCid server in
LV AI gRPC Service.lvlibp:LVAI.lvclass:Bind RPC LVAI LogUsageData.vi	yes	error out | LVAI LogUsageData Internal UE | LVAI LogUsageData gRPC UE | gRPCid server out | gRPCid server in
LV AI gRPC Service.lvlibp:LVAI.lvclass:Bind RPC LVAI MonitorCodeCompletion.vi	yes	error out | LVAI MonitorCodeCompletion Internal UE | LVAI MonitorCodeCompletion gRPC UE | gRPCid server out | gRPCid server in
LV AI gRPC Service.lvlibp:LVAI.lvclass:Bind RPC LVAI MonitorExampleSearches.vi	yes	error out | LVAI MonitorExampleSearches Internal UE | LVAI MonitorExampleSearches gRPC UE | gRPCid server out | gRPCid server in
LV AI gRPC Service.lvlibp:LVAI.lvclass:Bind RPC LVAI MonitorPaletteSearches.vi	yes	error out | LVAI MonitorPaletteSearches Internal UE | LVAI MonitorPaletteSearches gRPC UE | gRPCid server out | gRPCid server in
LV AI gRPC Service.lvlibp:LVAI.lvclass:Bind RPC LVAI MonitorDiscussVI.vi	yes	error out | LVAI MonitorDiscussVI Internal UE | LVAI MonitorDiscussVI gRPC UE | gRPCid server out | gRPCid server in
LV AI gRPC Service.lvlibp:LVAI.lvclass:Bind RPC LVAI FilterExampleSearchCandidates.vi	yes	error out | LVAI FilterExampleSearchCandidates Internal UE | LVAI FilterExampleSearchCandidates gRPC UE | gRPCid server out | gRPCid server in
LV AI gRPC Service.lvlibp:LVAI.lvclass:Bind RPC LVAI FilterPaletteSearchCandidates.vi	yes	error out | LVAI FilterPaletteSearchCandidates Internal UE | LVAI FilterPaletteSearchCandidates gRPC UE | gRPCid server out | gRPCid server in
LV AI gRPC Service.lvlibp:LVAI.lvclass:Bind RPC LVAI GetDescribeVIPromptInfo.vi	yes	error out | LVAI GetDescribeVIPromptInfo Internal UE | LVAI GetDescribeVIPromptInfo gRPC UE | gRPCid server out | gRPCid server in
LV AI gRPC Service.lvlibp:LVAI.lvclass:Register gRPC Methods.vi	yes	error out | Template Server out | error in (no error) | Template Server in
LV AI gRPC Service.lvlibp:LVAI.lvclass:Read Server Internal UEs.vi	yes	error out | Server Internal UEs | SignalGeneratorService out | error in (no error) | SignalGeneratorService in
LV AI gRPC Service.lvlibp:LVAI.lvclass:Read Server RPC Methods.vi	yes	error out | Server RPC Methods | SignalGeneratorService out | error in (no error) | SignalGeneratorService in
LV AI gRPC Service.lvlibp:LVAI.lvclass:Start Sync.vi	yes	error out | gRPC Server out | error in (no error) | gRPC Server in
LV AI gRPC Service.lvlibp:LVAI.lvclass:RPC Method LVAI LookupInfoCacheItems.vi	yes	error out | OOP Server out | error in (no error) | OOP Server in
LV AI gRPC Service.lvlibp:LVAI.lvclass:RPC Method LVAI SearchInfoCache.vi	yes	error out | OOP Server out | error in (no error) | OOP Server in
LV AI gRPC Service.lvlibp:LVAI.lvclass:RPC Method LVAI BuildFromBuildSpecification.vi	yes	error out | OOP Server out | error in (no error) | OOP Server in
LV AI gRPC Service.lvlibp:LVAI.lvclass:RPC Method LVAI ValidateAIXML.vi	yes	error out | OOP Server out | error in (no error) | OOP Server in
LV AI gRPC Service.lvlibp:LVAI.lvclass:RPC Method LVAI RunVIAsTopLevel.vi	yes	error out | OOP Server out | error in (no error) | OOP Server in
LV AI gRPC Service.lvlibp:LVAI.lvclass:RPC Method LVAI ConvertVIToAIXML.vi	yes	error out | OOP Server out | error in (no error) | OOP Server in
LV AI gRPC Service.lvlibp:LVAI.lvclass:RPC Method LVAI ConvertAIXMLToVI.vi	yes	error out | OOP Server out | error in (no error) | OOP Server in
LV AI gRPC Service.lvlibp:LVAI.lvclass:RPC Method LVAI ApplyAIXMLToVI.vi	yes	error out | OOP Server out | error in (no error) | OOP Server in
LV AI gRPC Service.lvlibp:LVAI.lvclass:RPC Method LVAI MonitorFrontPanelCleanup.vi	yes	error out | OOP Server out | error in (no error) | OOP Server in
LV AI gRPC Service.lvlibp:LVAI.lvclass:RPC Method LVAI DropPaletteItem.vi	yes	error out | OOP Server out | error in (no error) | OOP Server in
LV AI gRPC Service.lvlibp:LVAI.lvclass:RPC Method LVAI FindPaletteItem.vi	yes	error out | OOP Server out | error in (no error) | OOP Server in
LV AI gRPC Service.lvlibp:LVAI.lvclass:RPC Method LVAI OpenFile.vi	yes	error out | OOP Server out | error in (no error) | OOP Server in
LV AI gRPC Service.lvlibp:LVAI.lvclass:RPC Method LVAI MonitorProjectChanges.vi	yes	error out | OOP Server out | error in (no error) | OOP Server in
LV AI gRPC Service.lvlibp:LVAI.lvclass:RPC Method LVAI GetDescribeProjectPromptInfo.vi	yes	error out | OOP Server out | error in (no error) | OOP Server in
LV AI gRPC Service.lvlibp:LVAI.lvclass:RPC Method LVAI GetApplicationConfiguration.vi	yes	error out | OOP Server out | error in (no error) | OOP Server in
LV AI gRPC Service.lvlibp:LVAI.lvclass:RPC Method LVAI LogUsageData.vi	yes	error out | OOP Server out | error in (no error) | OOP Server in
LV AI gRPC Service.lvlibp:LVAI.lvclass:RPC Method LVAI MonitorCodeCompletion.vi	yes	error out | OOP Server out | error in (no error) | OOP Server in
LV AI gRPC Service.lvlibp:LVAI.lvclass:RPC Method LVAI MonitorExampleSearches.vi	yes	error out | OOP Server out | error in (no error) | OOP Server in
LV AI gRPC Service.lvlibp:LVAI.lvclass:RPC Method LVAI MonitorPaletteSearches.vi	yes	error out | OOP Server out | error in (no error) | OOP Server in
LV AI gRPC Service.lvlibp:LVAI.lvclass:RPC Method LVAI MonitorDiscussVI.vi	yes	error out | OOP Server out | error in (no error) | OOP Server in
LV AI gRPC Service.lvlibp:LVAI.lvclass:RPC Method LVAI FilterExampleSearchCandidates.vi	yes	error out | OOP Server out | error in (no error) | OOP Server in
LV AI gRPC Service.lvlibp:LVAI.lvclass:RPC Method LVAI FilterPaletteSearchCandidates.vi	yes	error out | OOP Server out | error in (no error) | OOP Server in
LV AI gRPC Service.lvlibp:LVAI.lvclass:RPC Method LVAI GetDescribeVIPromptInfo.vi	yes	error out | OOP Server out | error in (no error) | OOP Server in
LV AI gRPC Service.lvlibp:LVAI.lvclass:Start Async.vi	yes	error out | gRPC Server out | error in (no error) | gRPC Server in
LV AI gRPC Service.lvlibp:LVAI.lvclass:Destroy.vi	yes	error out | SignalGeneratorService out | error in (no error) | SignalGeneratorService in
LV AI gRPC Service.lvlibp:LVAI.lvclass:Get LVAI MonitorCodeCompletion Request.vi	yes	error out | Message Data | gRPCid out | error in (no error) | gRPCid
LV AI gRPC Service.lvlibp:LVAI.lvclass:Set LVAI MonitorCodeCompletion Response.vi	yes	error out | Streaming? (F) | error in (no error) | Message Data | gRPCid in
LV AI gRPC Service.lvlibp:gRPC Implementations.lvlib:CodeCompletion Send Monitor Response.vi	yes	error out | gRPCid out | error in (no error) | response | gRPCid in
LV AI gRPC Service.lvlibp:gRPC Implementations.lvlib:CodeCompletion Receive Monitor Request.vi	yes	error out | request | gRPCid out | error in (no error) | gRPCid in
LV AI gRPC Service.lvlibp:LVAI.lvclass:Get LVAI MonitorDiscussVI Request.vi	yes	error out | Message Data | gRPCid out | error in (no error) | gRPCid
LV AI gRPC Service.lvlibp:LVAI.lvclass:Set LVAI MonitorProjectChanges Response.vi	yes	error out | Streaming? (F) | error in (no error) | Message Data | gRPCid in
LV AI gRPC Service.lvlibp:LVAI.lvclass:Set LVAI MonitorDiscussVI Response.vi	yes	error out | Streaming? (F) | error in (no error) | Message Data | gRPCid in
LV AI gRPC Service.lvlibp:LVAI.lvclass:Get LVAI MonitorExampleSearches Request.vi	yes	error out | Message Data | gRPCid out | error in (no error) | gRPCid
LV AI gRPC Service.lvlibp:LVAI.lvclass:Set LVAI MonitorExampleSearches Response.vi	yes	error out | Streaming? (F) | error in (no error) | Message Data | gRPCid in
LV AI gRPC Service.lvlibp:LVAI.lvclass:Get LVAI MonitorFrontPanelCleanup Request.vi	yes	error out | Message Data | gRPCid out | error in (no error) | gRPCid
LV AI gRPC Service.lvlibp:LVAI.lvclass:Set LVAI MonitorFrontPanelCleanup Response.vi	yes	error out | Streaming? (F) | error in (no error) | Message Data | gRPCid in
LV AI gRPC Service.lvlibp:gRPC Implementations.lvlib:FrontPanelCleanup Send Monitor Response.vi	yes	error out | gRPCid out | error in | response | gRPCid in
LV AI gRPC Service.lvlibp:gRPC Implementations.lvlib:FrontPanelCleanup Receive Monitor Request.vi	yes	error out | request | gRPCid out | error in | gRPCid in
LV AI gRPC Service.lvlibp:gRPC Implementations.lvlib:IsSearchCandidateAvailable.vi	yes	Found | palette item info | user_name | guid | palette item descriptions
LV AI gRPC Service.lvlibp:LVAI.lvclass:Get LVAI MonitorPaletteSearches Request.vi	yes	error out | Message Data | gRPCid out | error in (no error) | gRPCid
LV AI gRPC Service.lvlibp:LVAI.lvclass:Set LVAI MonitorPaletteSearches Response.vi	yes	error out | Streaming? (F) | error in (no error) | Message Data | gRPCid in
LV AI gRPC Service.lvlibp:LVAI.lvclass:Get LVAI MonitorProjectChanges Request.vi	yes	error out | Message Data | gRPCid out | error in (no error) | gRPCid
LV AI gRPC Service.lvlibp:gRPC Implementations.lvlib:ProjectChanges Connection Handler.vi	yes	gRPCid
LV AI gRPC Service.lvlibp:gRPC Implementations.lvlib:ExampleSearch Connection Handler.vi	yes	gRPCid
LV AI gRPC Service.lvlibp:gRPC Implementations.lvlib:DiscussVI Connection Handler.vi	yes	gRPCid
LV AI gRPC Service.lvlibp:gRPC Implementations.lvlib:FrontPanelCleanup Connection Handler.vi	yes	gRPCid
LV AI gRPC Service.lvlibp:gRPC Implementations.lvlib:PaletteSearch Connection Handler.vi	yes	gRPCid
LV AI gRPC Service.lvlibp:gRPC Implementations.lvlib:CodeCompletion Connection Handler.vi	yes	gRPCid
GSW.lvlibp:Feed_link.lvclass:Feed_link.ctl	no	
GSW.lvlibp:FindAddons.lvclass:FindAddons.ctl	no	
GSW.lvlibp:ReinitFontRingData.ctl	no	
GSW.lvlibp:Feed_link.lvclass:FeedDB_operation.ctl	no	
GSW.lvlibp:Feed_link.lvclass:FeedDB.vi	no	updated feeds (GUIDs) | feed GUID | Enum
GSW.lvlibp:Feed_link.lvclass:GetCacheFolder.vi	no	error out | cache folder | error in (no error)
GSW.lvlibp:Feed_link.lvclass:CheckLastTime.vi	no	error out | Time Stamp | error in (no error) | feed GUID
GSW.lvlibp:Feed_link.lvclass:GetCacheFile.vi	no	error out | cache file | error in (no error) | feed GUID
GSW.lvlibp:Feed_link.lvclass:GetCachedFeed.vi	no	error out | cache found | Feed | error in (no error) | default URL | feed GUID
GSW.lvlibp:Feed_link.lvclass:InitFromXML.vi	no	error out | Feed_link out | error in (no error) | XML | Feed_link in
GSW.lvlibp:Feed_link.lvclass:ConfigureControl.vi	no	error out | Feed_link out | error in (no error) | control ref | Feed_link in
GSW.lvlibp:Feed_link.lvclass:UpdateFeedCache.vi	no	error out | error in (no error) | feed GUID | feed url
GSW.lvlibp:Feed_link.lvclass:UpdateLastTime.vi	no	error out | error in (no error) | feed GUID
GSW.lvlibp:Feed_link.lvclass:HandleItemActivation.vi	no	error out | Feed_link out | error in (no error) | Feed_link in
GSW.lvlibp:FindAddons.lvclass:HandleItemActivation.vi	no	error out | Link out | error in (no error) | Link in
